subject,method,comparison_type,db,budget,channel,n_total_windows,n_valid_prd,n_valid_prdn,prd_mean,prd_median,prd_p90,invalid_rate_prd,prdn_mean,prdn_median,prdn_p90,invalid_rate_prdn,rmse_mean,rmse_median,rmse_p90
S1,AE,equal_dim,16,16,PPG,1151,1151,1151,6.150509378458773,5.271671788540788,9.071545596541439,0.0,6.157627101698752,5.280819657132256,9.075654661824375,0.0,5.251236081998059,4.349679176538886,9.714581530989696
S1,AE,equal_byte,16,16,PPG,1151,1151,1151,6.150509378458773,5.271671788540788,9.071545596541439,0.0,6.157627101698752,5.280819657132256,9.075654661824375,0.0,5.251236081998059,4.349679176538886,9.714581530989696
S1,AE,equal_dim,16,16,ACCx,1151,1151,1151,5.042239638663706,4.1972653268701725,8.329119135197427,0.0,77.82285199373548,16.051902851540685,118.87318625453658,0.0,0.026280208389647494,0.019628511779077852,0.044557938760197334
S1,AE,equal_byte,16,16,ACCx,1151,1151,1151,5.042239638663706,4.1972653268701725,8.329119135197427,0.0,77.82285199373548,16.051902851540685,118.87318625453658,0.0,0.026280208389647494,0.019628511779077852,0.044557938760197334
S1,AE,equal_dim,16,16,ACCy,1151,1135,1135,15.38552515204528,9.281054655613135,36.647572915752,0.013900955690703735,1559.8006816268223,38.95878760841052,139.99850270373443,0.013900955690703735,0.05690063145338438,0.03197501265985913,0.11300222215962405
S1,AE,equal_byte,16,16,ACCy,1151,1135,1135,15.38552515204528,9.281054655613135,36.647572915752,0.013900955690703735,1559.8006816268223,38.95878760841052,139.99850270373443,0.013900955690703735,0.05690063145338438,0.03197501265985913,0.11300222215962405
S1,AE,equal_dim,16,16,ACCz,1151,1151,1151,7.140857953643768,4.903230604854883,14.143540738411293,0.0,79.0255068668456,22.025690050083462,130.4061377104036,0.0,0.03747332756948053,0.026125764319629558,0.06937899812752063
S1,AE,equal_byte,16,16,ACCz,1151,1151,1151,7.140857953643768,4.903230604854883,14.143540738411293,0.0,79.0255068668456,22.025690050083462,130.4061377104036,0.0,0.03747332756948053,0.026125764319629558,0.06937899812752063
S1,DCT,equal_dim,16,16,PPG,1151,1151,1151,2.0468735163959964,1.521297246170832,3.789326617869832,0.0,2.049204268380509,1.5225066760944352,3.7897009774600794,0.0,1.7683263208359608,1.3172964868420378,3.4522525678362275
S1,DCT,equal_dim,16,16,ACCx,1151,1151,1151,1.8581564545587061,1.5239403960331885,3.6706431412944567,0.0,7.809131849607682,6.392660335679907,13.704334382518828,0.0,0.010048323472910679,0.007340453583035691,0.01996360611121274
S1,DCT,equal_dim,16,16,ACCy,1151,1135,1135,5.530654640124868,3.1711413665176207,13.182977698238131,0.013900955690703735,23.94184156967998,17.439590881016606,47.4556199065405,0.013900955690703735,0.021203682439635198,0.015335503803081296,0.04075561396937871
S1,DCT,equal_dim,16,16,ACCz,1151,1151,1151,2.413789291897734,1.63009429204246,5.460750830572203,0.0,10.486159793132748,7.7317587537841,20.7454694003864,0.0,0.01203668959777567,0.00885275675429985,0.023581833709193718
S1,DCT,equal_byte,16,16,PPG,1151,1151,1151,3.677482824290049,2.795617838109041,6.774184378302748,0.0,3.681642632450398,2.8020634061605842,6.7763879301050185,0.0,3.1709978589096437,2.486920904550321,6.200433579462171
S1,DCT,equal_byte,16,16,ACCx,1151,1151,1151,4.006608767254129,3.5426056475298457,7.91414463889389,0.0,16.806564438107664,14.134726814795535,28.054437574913266,0.0,0.02161872760975164,0.01683010212623089,0.04131045043740016
S1,DCT,equal_byte,16,16,ACCy,1151,1135,1135,9.163989834120569,5.371121234277426,22.18739390889737,0.013900955690703735,36.09858755810755,28.641815468788412,74.6607602896288,0.013900955690703735,0.036443553842554814,0.0257280917266803,0.0702351163530595
S1,DCT,equal_byte,16,16,ACCz,1151,1151,1151,5.050525545082897,3.58603613271155,11.997053855320337,0.0,21.266631525737562,16.80891168112132,39.98876053013083,0.0,0.024955711982728696,0.018956361707342394,0.04923453659573566
S2,AE,equal_dim,16,16,PPG,1025,1025,1025,12.35411999956918,10.196777085888018,18.98606377713907,0.0,12.365953357256206,10.198216425848528,18.98655705150687,0.0,3.8993852620302447,2.964323849138514,6.818656456012546
S2,AE,equal_byte,16,16,PPG,1025,1025,1025,12.35411999956918,10.196777085888018,18.98606377713907,0.0,12.365953357256206,10.198216425848528,18.98655705150687,0.0,3.8993852620302447,2.964323849138514,6.818656456012546
S2,AE,equal_dim,16,16,ACCx,1025,1025,1025,5.175040840622545,3.7661235046032018,9.24740931434428,0.0,36.07311754259251,15.23320930522692,65.51231061054816,0.0,0.022664901724382045,0.016345241900673442,0.035515554121256704
S2,AE,equal_byte,16,16,ACCx,1025,1025,1025,5.175040840622545,3.7661235046032018,9.24740931434428,0.0,36.07311754259251,15.23320930522692,65.51231061054816,0.0,0.022664901724382045,0.016345241900673442,0.035515554121256704
S2,AE,equal_dim,16,16,ACCy,1025,1025,1025,15.884696683811137,10.157586477294041,35.1847753230556,0.0,400.02162327725233,41.434943447792655,122.25807371482627,0.0,0.05746435005098666,0.0373498407022407,0.10301418475794848
S2,AE,equal_byte,16,16,ACCy,1025,1025,1025,15.884696683811137,10.157586477294041,35.1847753230556,0.0,400.02162327725233,41.434943447792655,122.25807371482627,0.0,0.05746435005098666,0.0373498407022407,0.10301418475794848
S2,AE,equal_dim,16,16,ACCz,1025,1025,1025,7.665968987365839,5.614014275973857,15.17843339309782,0.0,46.57600923771285,20.726613694981907,82.52280156059533,0.0,0.03318201980974255,0.02283403716680414,0.05441919234024008
S2,AE,equal_byte,16,16,ACCz,1025,1025,1025,7.665968987365839,5.614014275973857,15.17843339309782,0.0,46.57600923771285,20.726613694981907,82.52280156059533,0.0,0.03318201980974255,0.02283403716680414,0.05441919234024008
S2,DCT,equal_dim,16,16,PPG,1025,1025,1025,5.279317283421472,3.732105757413566,9.781483681714061,0.0,5.284235779378902,3.7325467749195402,9.78236092734996,0.0,1.6752698519502982,1.2476598666942946,2.9796258964359366
S2,DCT,equal_dim,16,16,ACCx,1025,1025,1025,1.941267006494655,1.5171400923194924,3.679740121430157,0.0,7.423731469167792,6.52424728231223,12.454763783279985,0.0,0.009135023277170636,0.0073085314741498765,0.015624728703698737
S2,DCT,equal_dim,16,16,ACCy,1025,1025,1025,5.999098131076435,3.624457699420635,14.444336880989821,0.0,21.74291615020823,16.778875004087205,44.219259675079996,0.0,0.019717477852896848,0.014461364778583187,0.03345399079779136
S2,DCT,equal_dim,16,16,ACCz,1025,1025,1025,2.72575738365528,1.8859747106843054,6.1980272408819586,0.0,9.790945541698534,7.669017823283294,17.553796171730188,0.0,0.01094964287351202,0.008376592301968876,0.019037188041881262
S2,DCT,equal_byte,16,16,PPG,1025,1025,1025,9.6307301476637,7.076499592635344,18.645256829749897,0.0,9.639418256157363,7.076891257294138,18.64847361015417,0.0,3.026197280349137,2.3619838020672512,5.603772282398583
S2,DCT,equal_byte,16,16,ACCx,1025,1025,1025,4.112713290943029,3.4176973950230853,7.954477641628632,0.0,15.459744674959719,13.968867762459755,25.0413070755557,0.0,0.019533033244620086,0.015559446792355595,0.0351629694616391
S2,DCT,equal_byte,16,16,ACCy,1025,1025,1025,9.943628450874176,6.177411891361771,23.835777789062,0.0,34.98045856998941,27.69781105302108,72.33398537223589,0.0,0.03435393915255065,0.026067125272390565,0.0571888009197861
S2,DCT,equal_byte,16,16,ACCz,1025,1025,1025,5.610091233077519,4.090912336184343,12.432462864619138,0.0,19.48950053130606,16.08872031034028,34.29525548180067,0.0,0.02265515362990881,0.017259219943399608,0.04104131317507903
S3,AE,equal_dim,16,16,PPG,1092,1092,1092,8.211475835343629,6.008777754640237,11.968557405855707,0.0,8.22194062543459,6.018926391291567,11.971374910646082,0.0,4.017640447115761,3.3741765062157825,6.385993162139481
S3,AE,equal_byte,16,16,PPG,1092,1092,1092,8.211475835343629,6.008777754640237,11.968557405855707,0.0,8.22194062543459,6.018926391291567,11.971374910646082,0.0,4.017640447115761,3.3741765062157825,6.385993162139481
S3,AE,equal_dim,16,16,ACCx,1092,1092,1092,6.043903496511715,4.9673545159979025,10.36915478257057,0.0,53.91880877703211,15.085767119061021,63.567187405395345,0.0,0.02375824463326775,0.017645334882478325,0.03815691134927645
S3,AE,equal_byte,16,16,ACCx,1092,1092,1092,6.043903496511715,4.9673545159979025,10.36915478257057,0.0,53.91880877703211,15.085767119061021,63.567187405395345,0.0,0.02375824463326775,0.017645334882478325,0.03815691134927645
S3,AE,equal_dim,16,16,ACCy,1092,1092,1092,15.640738374065366,9.086579472851371,35.01330133151557,0.0,188.8764410920565,40.82697077402749,118.04830076725953,0.0,0.06488492565300064,0.04085482046421733,0.10257147117774162
S3,AE,equal_byte,16,16,ACCy,1092,1092,1092,15.640738374065366,9.086579472851371,35.01330133151557,0.0,188.8764410920565,40.82697077402749,118.04830076725953,0.0,0.06488492565300064,0.04085482046421733,0.10257147117774162
S3,AE,equal_dim,16,16,ACCz,1092,1092,1092,7.518905227551338,5.799453802502289,13.40900366888813,0.0,38.43246545235126,21.922762956508773,73.2833769305589,0.0,0.038890101084966565,0.024787830182810486,0.058984747133249374
S3,AE,equal_byte,16,16,ACCz,1092,1092,1092,7.518905227551338,5.799453802502289,13.40900366888813,0.0,38.43246545235126,21.922762956508773,73.2833769305589,0.0,0.038890101084966565,0.024787830182810486,0.058984747133249374
S3,DCT,equal_dim,16,16,PPG,1092,1092,1092,3.624653573645512,2.115016570451327,6.271520474412301,0.0,3.629081912671441,2.1193475381153197,6.273223260094556,0.0,1.6128798831894748,1.1949273996185235,2.668908795101956
S3,DCT,equal_dim,16,16,ACCx,1092,1092,1092,2.524503772119325,1.9515615410284277,4.561438423000176,0.0,7.909538332280628,6.412871752609503,14.223436274837358,0.0,0.010000605322173818,0.007441991383620499,0.016283994239374877
S3,DCT,equal_dim,16,16,ACCy,1092,1092,1092,6.052985222866387,3.352923555232107,13.863699664163203,0.0,20.320594186484815,16.369452976651466,42.20397123840863,0.0,0.02062659488111465,0.014643376052960254,0.035448440121041674
S3,DCT,equal_dim,16,16,ACCz,1092,1092,1092,2.383399247258777,1.8898137389434644,4.848276420912026,0.0,9.606595481118458,7.68682760677445,17.387351243621836,0.0,0.011650630911058103,0.008567215151969117,0.019615443273854578
S3,DCT,equal_byte,16,16,PPG,1092,1092,1092,6.255303197555197,3.9016195064776205,11.548395258250611,0.0,6.263127947364003,3.91247201325113,11.560858806640507,0.0,2.8542642442857367,2.234966623959115,5.141138563028104
S3,DCT,equal_byte,16,16,ACCx,1092,1092,1092,5.232743158180348,4.3077795818879405,9.198465543706153,0.0,16.077720941716468,13.681952447689753,27.76994316804053,0.0,0.02101127113724487,0.01568266698443991,0.03577624974501254
S3,DCT,equal_byte,16,16,ACCy,1092,1092,1092,10.227691825944909,5.671307535649333,24.080731003834604,0.0,33.28774468980619,27.132447524499042,68.44704035536253,0.0,0.036657456648454614,0.02606845106468192,0.05969405788095248
S3,DCT,equal_byte,16,16,ACCz,1092,1092,1092,4.919407936374021,4.028487242549303,10.061966162384891,0.0,19.451270508554742,16.061017693534943,34.50448962123847,0.0,0.023959896805272708,0.01806846528181614,0.04187813462806324
S1,AE,equal_dim,8,8,PPG,1151,1151,1151,9.10371358594726,8.059916609147685,14.625860401659061,0.0,9.114022204632558,8.0788396019122,14.631363194148376,0.0,7.900435942970504,6.907740459332723,14.034601231817504
S1,AE,equal_byte,8,8,PPG,1151,1151,1151,9.10371358594726,8.059916609147685,14.625860401659061,0.0,9.114022204632558,8.0788396019122,14.631363194148376,0.0,7.900435942970504,6.907740459332723,14.034601231817504
S1,AE,equal_dim,8,8,ACCx,1151,1151,1151,10.981519876357346,8.321179674964764,20.791887668990793,0.0,80.96013945406376,35.49396100852615,112.88581211217623,0.0,0.05991672709798582,0.04018240878292235,0.11369925122021934
S1,AE,equal_byte,8,8,ACCx,1151,1151,1151,10.981519876357346,8.321179674964764,20.791887668990793,0.0,80.96013945406376,35.49396100852615,112.88581211217623,0.0,0.05991672709798582,0.04018240878292235,0.11369925122021934
S1,AE,equal_dim,8,8,ACCy,1151,1135,1135,19.008110549571985,12.548180867554262,44.42862044371086,0.013900955690703735,2290.1522640430317,48.29774591258533,182.2038091752469,0.013900955690703735,0.07103407811605761,0.03887263897397812,0.15477828137428673
S1,AE,equal_byte,8,8,ACCy,1151,1135,1135,19.008110549571985,12.548180867554262,44.42862044371086,0.013900955690703735,2290.1522640430317,48.29774591258533,182.2038091752469,0.013900955690703735,0.07103407811605761,0.03887263897397812,0.15477828137428673
S1,AE,equal_dim,8,8,ACCz,1151,1151,1151,12.165034223170693,8.663351273928752,26.880275284228706,0.0,94.00307119696105,39.314162075468985,142.67953743545107,0.0,0.06047871886498784,0.04667676581698717,0.11163855537857939
S1,AE,equal_byte,8,8,ACCz,1151,1151,1151,12.165034223170693,8.663351273928752,26.880275284228706,0.0,94.00307119696105,39.314162075468985,142.67953743545107,0.0,0.06047871886498784,0.04667676581698717,0.11163855537857939
S1,DCT,equal_dim,8,8,PPG,1151,1151,1151,5.120397283618877,4.005282385124348,9.82555945166212,0.0,5.12620232658673,4.0060663359371125,9.836009740322321,0.0,4.404366601579848,3.659560654129832,8.718148393741608
S1,DCT,equal_dim,8,8,ACCx,1151,1151,1151,5.8046629129268705,5.295729937880824,11.416226308359468,0.0,24.150514011132298,20.902624378254618,39.98019274662273,0.0,0.03120153094166387,0.02466212234096531,0.06128420376186323
S1,DCT,equal_dim,8,8,ACCy,1151,1135,1135,11.38586609367754,6.779298373005747,28.012974773055745,0.013900955690703735,43.01883480067331,36.530005184125756,86.98099266720243,0.013900955690703735,0.04634883341442279,0.033210430523555656,0.09038875155923325
S1,DCT,equal_dim,8,8,ACCz,1151,1151,1151,7.137039050749625,5.1075396619584446,16.580747683930895,0.0,29.28238630658384,24.0457889140996,53.77920820391516,0.0,0.03506390325830623,0.027597375393426504,0.06747238300389846
S1,DCT,equal_byte,8,8,PPG,1151,1151,1151,7.587410718760877,6.122492089999556,14.684310343684984,0.0,7.596073376520081,6.125117130409348,14.685761053258926,0.0,6.549787391995272,5.494802581354735,13.41489687718464
S1,DCT,equal_byte,8,8,ACCx,1151,1151,1151,8.583699272966198,7.8528983161165815,16.528556628085063,0.0,35.58307578172162,31.45908223021004,60.39898398343024,0.0,0.045943834650259,0.03760821024823286,0.08946760393150477
S1,DCT,equal_byte,8,8,ACCy,1151,1135,1135,14.359145477527049,9.493255541058653,33.85983819682211,0.013900955690703735,51.82007070159376,48.351485250066,100.0,0.013900955690703735,0.06033670123530378,0.041579687124073,0.12097111615242306
S1,DCT,equal_byte,8,8,ACCz,1151,1151,1151,10.22293225624169,7.443774940218158,23.626984111560308,0.0,40.434925174677105,34.401244255478986,73.3299156096482,0.0,0.049851063987465805,0.04086651394947308,0.09550055150326779
S2,AE,equal_dim,8,8,PPG,1025,1025,1025,17.89994044959991,16.14116641416014,28.5747704032304,0.0,17.916103734078327,16.1466622977569,28.584111602932918,0.0,5.601877376943746,4.74111413113995,10.4729709754393
S2,AE,equal_byte,8,8,PPG,1025,1025,1025,17.89994044959991,16.14116641416014,28.5747704032304,0.0,17.916103734078327,16.1466622977569,28.584111602932918,0.0,5.601877376943746,4.74111413113995,10.4729709754393
S2,AE,equal_dim,8,8,ACCx,1025,1025,1025,11.997030437085813,8.896699109934445,22.416162808564803,0.0,56.23868574562277,35.53739335050736,91.73032143714146,0.0,0.05830895857321188,0.0382159707635781,0.092905615933542
S2,AE,equal_byte,8,8,ACCx,1025,1025,1025,11.997030437085813,8.896699109934445,22.416162808564803,0.0,56.23868574562277,35.53739335050736,91.73032143714146,0.0,0.05830895857321188,0.0382159707635781,0.092905615933542
S2,AE,equal_dim,8,8,ACCy,1025,1025,1025,19.95616503635958,13.835619043172526,41.2036563833133,0.0,617.290751250624,52.88154010368549,158.17614842012128,0.0,0.07104941140399713,0.04624342304686728,0.13439967062137237
S2,AE,equal_byte,8,8,ACCy,1025,1025,1025,19.95616503635958,13.835619043172526,41.2036563833133,0.0,617.290751250624,52.88154010368549,158.17614842012128,0.0,0.07104941140399713,0.04624342304686728,0.13439967062137237
S2,AE,equal_dim,8,8,ACCz,1025,1025,1025,13.954369936983495,10.499217655809383,29.49789347333982,0.0,63.394361504568444,39.89161575330164,99.9928911349907,0.0,0.05770223386522263,0.04423132003528788,0.09764220024930861
S2,AE,equal_byte,8,8,ACCz,1025,1025,1025,13.954369936983495,10.499217655809383,29.49789347333982,0.0,63.394361504568444,39.89161575330164,99.9928911349907,0.0,0.05770223386522263,0.04423132003528788,0.09764220024930861
S2,DCT,equal_dim,8,8,PPG,1025,1025,1025,13.29465670299124,9.885714786753212,26.67978153100281,0.0,13.306438859100037,9.886831594924178,26.688857651889865,0.0,4.156821349994378,3.330613629649114,7.778656291950752
S2,DCT,equal_dim,8,8,ACCx,1025,1025,1025,5.847117248658609,5.06780499496192,11.59548651877992,0.0,21.94312036353901,19.781419088513292,34.97490843065529,0.0,0.02789216859023703,0.022273531209917118,0.05071945265865216
S2,DCT,equal_dim,8,8,ACCy,1025,1025,1025,12.343819838272717,7.746630878273657,29.16070296513713,0.0,42.33699868893742,35.18344385205964,85.96377342371984,0.0,0.043752692997499676,0.03422770471580595,0.07455560418608265
S2,DCT,equal_dim,8,8,ACCz,1025,1025,1025,7.863681245035908,5.774413893762883,17.55943620142982,0.0,26.808925305491897,22.54825716702301,46.20884893106992,0.0,0.031784337539221955,0.024528227805309073,0.057385897033538115
S2,DCT,equal_byte,8,8,PPG,1025,1025,1025,18.992060964583402,14.458811911868871,38.18135674017949,0.0,19.008358476406215,14.460409719472691,38.199555896354404,0.0,5.927582980057944,5.107374873567338,11.47587792006046
S2,DCT,equal_byte,8,8,ACCx,1025,1025,1025,8.533240813307257,7.4025778799651745,17.02853158305362,0.0,31.723863037970244,28.8973274661182,50.88970165475038,0.0,0.0409239356059585,0.0326421035944254,0.07439860144721772
S2,DCT,equal_byte,8,8,ACCy,1025,1025,1025,15.494968281591193,9.866111648189145,36.405418279750954,0.0,51.14184095090465,45.51455452748879,96.08242064224373,0.0,0.056115173733174026,0.04490625169948544,0.0979545635767437
S2,DCT,equal_byte,8,8,ACCz,1025,1025,1025,11.07364989213309,8.224532650329456,24.93478724229603,0.0,36.90326698592563,32.32202365057852,62.73699035860391,0.0,0.044529042912162885,0.035395227903470286,0.07976115244514556
S3,AE,equal_dim,8,8,PPG,1092,1092,1092,11.615225203619442,9.367120520269994,17.939848176126524,0.0,11.630555236729363,9.376508528888005,17.94464240349707,0.0,5.919085492907803,5.346911364643134,9.618662147660768
S3,AE,equal_byte,8,8,PPG,1092,1092,1092,11.615225203619442,9.367120520269994,17.939848176126524,0.0,11.630555236729363,9.376508528888005,17.94464240349707,0.0,5.919085492907803,5.346911364643134,9.618662147660768
S3,AE,equal_dim,8,8,ACCx,1092,1092,1092,13.561663736014198,11.100769040235473,23.182226387029356,0.0,66.57342200175572,33.894086220244105,87.37284720340257,0.0,0.05569505547710697,0.03963714231212585,0.09398012328152369
S3,AE,equal_byte,8,8,ACCx,1092,1092,1092,13.561663736014198,11.100769040235473,23.182226387029356,0.0,66.57342200175572,33.894086220244105,87.37284720340257,0.0,0.05569505547710697,0.03963714231212585,0.09398012328152369
S3,AE,equal_dim,8,8,ACCy,1092,1092,1092,18.92436230816304,11.8759899017254,41.75242274971483,0.0,215.28370415797866,50.80587249060652,143.8309045358766,0.0,0.08011597702721879,0.04791723006343656,0.1403441944154967
S3,AE,equal_byte,8,8,ACCy,1092,1092,1092,18.92436230816304,11.8759899017254,41.75242274971483,0.0,215.28370415797866,50.80587249060652,143.8309045358766,0.0,0.08011597702721879,0.04791723006343656,0.1403441944154967
S3,AE,equal_dim,8,8,ACCz,1092,1092,1092,12.585401674213424,9.941124433747346,25.166743124223633,0.0,56.020864186209806,40.98999745356463,96.7178873426821,0.0,0.062232476387580095,0.04557047638351697,0.09997538790265223
S3,AE,equal_byte,8,8,ACCz,1092,1092,1092,12.585401674213424,9.941124433747346,25.166743124223633,0.0,56.020864186209806,40.98999745356463,96.7178873426821,0.0,0.062232476387580095,0.04557047638351697,0.09997538790265223
S3,DCT,equal_dim,8,8,PPG,1092,1092,1092,8.3063282264933,5.507201370535775,16.882063964611653,0.0,8.316802961850717,5.517025564730668,16.903149787342187,0.0,3.863455781568195,3.1710206758600483,7.273478244858409
S3,DCT,equal_dim,8,8,ACCx,1092,1092,1092,7.376778368938788,6.2531341726247245,13.076619257780616,0.0,22.761070467836724,19.50282481311037,38.35116975686193,0.0,0.029743733354751358,0.02247893660035996,0.051527121251673975
S3,DCT,equal_dim,8,8,ACCy,1092,1092,1092,12.594295535205381,7.161909349089555,29.37872190141054,0.0,40.42064761491318,34.00461891368835,81.06027961919203,0.0,0.046822134147819806,0.0351410006806645,0.07530139957667546
S3,DCT,equal_dim,8,8,ACCz,1092,1092,1092,6.885592286352142,5.759087837315751,14.204270413580515,0.0,27.007476085701207,22.769918153523722,46.89893128912682,0.0,0.0334179194351879,0.025678844605346862,0.05807820638415897
S3,DCT,equal_byte,8,8,PPG,1092,1092,1092,11.708981607350944,8.315769650075115,24.408806109759215,0.0,11.724182870180192,8.319952588134665,24.419735913523123,0.0,5.566158093717764,4.7663770016883005,10.625095319118605
S3,DCT,equal_byte,8,8,ACCx,1092,1092,1092,10.523215950406925,9.133849299349471,18.96324473624602,0.0,32.29556292797652,28.494753062351222,54.121407482465536,0.0,0.04258191274522091,0.03296611260017551,0.07551902477093957
S3,DCT,equal_byte,8,8,ACCy,1092,1092,1092,15.495097021497227,9.461053088234078,36.47791803810474,0.0,48.93894804725235,42.05703925586974,92.59342641128647,0.0,0.06050555756683805,0.04584991936331022,0.101801906573289
S3,DCT,equal_byte,8,8,ACCz,1092,1092,1092,9.6924240620037,8.116029398165164,20.242151354381505,0.0,37.60781025996986,32.33639024864713,65.11637594612431,0.0,0.04666902494686503,0.036764105609695535,0.08087900461233603
S1,AE,equal_dim,4,4,PPG,1151,1151,1151,14.371314917382046,12.152734311678405,25.17948103474031,0.0,14.387180618282226,12.171281726185281,25.202099640244903,0.0,12.527484957033266,10.51496469323515,24.103789805556644
S1,AE,equal_byte,4,4,PPG,1151,1151,1151,14.371314917382046,12.152734311678405,25.17948103474031,0.0,14.387180618282226,12.171281726185281,25.202099640244903,0.0,12.527484957033266,10.51496469323515,24.103789805556644
S1,AE,equal_dim,4,4,ACCx,1151,1151,1151,16.761617008733232,12.908662824893053,32.037167041607574,0.0,131.70166508381658,63.23650086919864,173.0275959466582,0.0,0.08953927785897839,0.06548410801430894,0.17175886394556797
S1,AE,equal_byte,4,4,ACCx,1151,1151,1151,16.761617008733232,12.908662824893053,32.037167041607574,0.0,131.70166508381658,63.23650086919864,173.0275959466582,0.0,0.08953927785897839,0.06548410801430894,0.17175886394556797
S1,AE,equal_dim,4,4,ACCy,1151,1135,1135,29.202519614076685,22.017696258482687,64.94014635657172,0.013900955690703735,3910.994538142556,76.74583732168283,299.9187821054538,0.013900955690703735,0.11062835370256753,0.061115030760110545,0.2759978989607633
S1,AE,equal_byte,4,4,ACCy,1151,1135,1135,29.202519614076685,22.017696258482687,64.94014635657172,0.013900955690703735,3910.994538142556,76.74583732168283,299.9187821054538,0.013900955690703735,0.11062835370256753,0.061115030760110545,0.2759978989607633
S1,AE,equal_dim,4,4,ACCz,1151,1151,1151,20.126304900729906,13.185416192610697,46.66257511898306,0.0,239.47687400991614,70.96748971636049,401.9610745099385,0.0,0.09611444876082867,0.07329360695229768,0.1876322927121417
S1,AE,equal_byte,4,4,ACCz,1151,1151,1151,20.126304900729906,13.185416192610697,46.66257511898306,0.0,239.47687400991614,70.96748971636049,401.9610745099385,0.0,0.09611444876082867,0.07329360695229768,0.1876322927121417
S1,DCT,equal_dim,4,4,PPG,1151,1151,1151,9.717155663989164,8.03474437898079,18.684088514171584,0.0,9.728336723530024,8.034816536278164,18.697056190905855,0.0,8.412895645743388,7.226121921003439,17.292340236098337
S1,DCT,equal_dim,4,4,ACCx,1151,1151,1151,10.620611649487236,9.794512873355236,20.359474140212168,0.0,43.65487261561392,39.13203652537748,74.07256638267614,0.0,0.05669319418846835,0.04716855870948152,0.11072925004375514
S1,DCT,equal_dim,4,4,ACCy,1151,1135,1135,16.425607847767417,11.260385261428597,37.68032591215156,0.013900955690703735,57.83899169022994,55.862267360715855,100.00000000000149,0.013900955690703735,0.07021157176986195,0.0483010955209359,0.14345677328023082
S1,DCT,equal_dim,4,4,ACCz,1151,1151,1151,12.356181238577689,9.129017285473758,28.485605593704694,0.0,47.88245270904325,42.026646979259745,86.29187233001677,0.0,0.060001098978920864,0.05009978450697082,0.11719807297960548
S1,DCT,equal_byte,4,4,PPG,1151,1151,1151,13.818634936951367,12.251144606271012,26.208118700386223,0.0,13.834699674764169,12.255276754702539,26.20814611513248,0.0,12.02097222783996,10.899973413425519,24.26767711072054
S1,DCT,equal_byte,4,4,ACCx,1151,1151,1151,13.715018769039897,12.559612054984221,26.573508491307944,0.0,54.901330867765175,51.477435634825106,94.06946066731662,0.0,0.07295501223759943,0.06354404004294002,0.14165984151041702
S1,DCT,equal_byte,4,4,ACCy,1151,1135,1135,19.42917594201551,14.019912199367909,47.01126998518249,0.013900955690703735,65.92102869652307,68.98552387203927,100.00000000002173,0.013900955690703735,0.0841905405908086,0.05811936141579598,0.17877236608765218
S1,DCT,equal_byte,4,4,ACCz,1151,1151,1151,15.32666206697806,11.52587362530394,34.48336672811722,0.0,57.744842648083846,51.846487868335835,100.00000000000493,0.0,0.07381513819728973,0.06309199683480603,0.14535341479100689
S2,AE,equal_dim,4,4,PPG,1025,1025,1025,29.169497768705988,25.831966361543675,48.11719331464141,0.0,29.195310066313006,25.839454709068765,48.121702249477,0.0,8.766649279371826,7.794384978442422,15.878378014280406
S2,AE,equal_byte,4,4,PPG,1025,1025,1025,29.169497768705988,25.831966361543675,48.11719331464141,0.0,29.195310066313006,25.839454709068765,48.121702249477,0.0,8.766649279371826,7.794384978442422,15.878378014280406
S2,AE,equal_dim,4,4,ACCx,1025,1025,1025,18.391694958693947,13.896850723744473,37.11424521218086,0.0,99.59460149987919,62.81506974823573,161.06768532271494,0.0,0.08547455251002536,0.06740398558040242,0.14571965467419298
S2,AE,equal_byte,4,4,ACCx,1025,1025,1025,18.391694958693947,13.896850723744473,37.11424521218086,0.0,99.59460149987919,62.81506974823573,161.06768532271494,0.0,0.08547455251002536,0.06740398558040242,0.14571965467419298
S2,AE,equal_dim,4,4,ACCy,1025,1025,1025,27.753077398984104,21.522653659049006,55.00645336272396,0.0,905.7225140165767,82.29425158312445,232.97617013395185,0.0,0.10475071168927515,0.07816699540192117,0.21001678863895057
S2,AE,equal_byte,4,4,ACCy,1025,1025,1025,27.753077398984104,21.522653659049006,55.00645336272396,0.0,905.7225140165767,82.29425158312445,232.97617013395185,0.0,0.10475071168927515,0.07816699540192117,0.21001678863895057
S2,AE,equal_dim,4,4,ACCz,1025,1025,1025,21.92152300268962,16.01717623472392,48.85688253620003,0.0,126.69666833153427,64.61122951360197,192.2336226662172,0.0,0.08627855441019502,0.06898455648264276,0.1524250997963582
S2,AE,equal_byte,4,4,ACCz,1025,1025,1025,21.92152300268962,16.01717623472392,48.85688253620003,0.0,126.69666833153427,64.61122951360197,192.2336226662172,0.0,0.08627855441019502,0.06898455648264276,0.1524250997963582
S2,DCT,equal_dim,4,4,PPG,1025,1025,1025,23.525202440153866,18.968407921581097,46.49786985706165,0.0,23.545317185248987,18.970705133466943,46.54174946142534,0.0,7.3565821708041765,6.430644349429342,14.504527646403915
S2,DCT,equal_dim,4,4,ACCx,1025,1025,1025,10.386844621210267,9.04440462912536,20.76891669777607,0.0,38.37944997615956,35.34306270047316,62.157732235371206,0.0,0.049760388007833715,0.03937254746128762,0.09108988467532393
S2,DCT,equal_dim,4,4,ACCy,1025,1025,1025,17.434893507652948,11.603868027116212,39.69542046634669,0.0,56.38027431978746,53.644325239130644,100.00000000000118,0.0,0.06431539426203847,0.0530165938232619,0.1171563375762222
S2,DCT,equal_dim,4,4,ACCz,1025,1025,1025,13.289945630665457,9.940355352240278,29.906507783914975,0.0,43.69570618823676,38.87685530714794,73.78205341997769,0.0,0.053283910832620796,0.04325477533524078,0.09565453459847689
S2,DCT,equal_byte,4,4,PPG,1025,1025,1025,30.74664029104659,26.526878347994966,59.65402738128873,0.0,30.77277781007922,26.5474800867808,59.780824481967805,0.0,9.699447903896843,8.687303565114203,19.26341980076735
S2,DCT,equal_byte,4,4,ACCx,1025,1025,1025,13.096413667933442,11.65278298427311,26.348247112748812,0.0,48.10513862373934,45.245676267130065,76.9995104329757,0.0,0.06267101892947438,0.050153621460089684,0.11493959482135262
S2,DCT,equal_byte,4,4,ACCy,1025,1025,1025,19.994990145644202,13.76963232274494,44.84518731239244,0.0,63.18547342170751,62.64222181021811,100.00000000003503,0.0,0.07575742571557328,0.06439118579919809,0.14275983877442328
S2,DCT,equal_byte,4,4,ACCz,1025,1025,1025,16.278598282897768,12.541719047433544,37.101324715486086,0.0,52.69406678067586,47.71063313563988,86.28002112877488,0.0,0.06494929975570835,0.05339458251203687,0.11825995613430575
S3,AE,equal_dim,4,4,PPG,1092,1092,1092,17.59244291683353,14.60866522436039,29.580331748592418,0.0,17.616457581781614,14.62193403083262,29.62967335954472,0.0,9.030252267043808,8.313496765138865,14.82649341239749
S3,AE,equal_byte,4,4,PPG,1092,1092,1092,17.59244291683353,14.60866522436039,29.580331748592418,0.0,17.616457581781614,14.62193403083262,29.62967335954472,0.0,9.030252267043808,8.313496765138865,14.82649341239749
S3,AE,equal_dim,4,4,ACCx,1092,1092,1092,20.494874229969057,16.37995711507181,39.59098369849346,0.0,124.06918340915362,59.82761299930391,125.67406560191367,0.0,0.08020486065565104,0.06591886726974486,0.13715856193339812
S3,AE,equal_byte,4,4,ACCx,1092,1092,1092,20.494874229969057,16.37995711507181,39.59098369849346,0.0,124.06918340915362,59.82761299930391,125.67406560191367,0.0,0.08020486065565104,0.06591886726974486,0.13715856193339812
S3,AE,equal_dim,4,4,ACCy,1092,1092,1092,27.26485237379206,19.17064917962181,54.292426203147926,0.0,305.6247737111172,76.90691248592245,230.64149769993378,0.0,0.11315109575316998,0.06870701686386972,0.22544216932251357
S3,AE,equal_byte,4,4,ACCy,1092,1092,1092,27.26485237379206,19.17064917962181,54.292426203147926,0.0,305.6247737111172,76.90691248592245,230.64149769993378,0.0,0.11315109575316998,0.06870701686386972,0.22544216932251357
S3,AE,equal_dim,4,4,ACCz,1092,1092,1092,18.69042101839149,14.742355113582299,36.95554694479368,0.0,83.67070956076797,66.09859249662017,139.16790396586302,0.0,0.08788060439881396,0.07043989901316303,0.1500769537500404
S3,AE,equal_byte,4,4,ACCz,1092,1092,1092,18.69042101839149,14.742355113582299,36.95554694479368,0.0,83.67070956076797,66.09859249662017,139.16790396586302,0.0,0.08788060439881396,0.07043989901316303,0.1500769537500404
S3,DCT,equal_dim,4,4,PPG,1092,1092,1092,14.397088960386728,10.541341729161388,30.010746302312825,0.0,14.416033000087157,10.566798072403904,30.016291108646914,0.0,6.972132957761547,6.237691032417893,13.254390108404365
S3,DCT,equal_dim,4,4,ACCx,1092,1092,1092,12.814544704675143,11.282191071695319,23.1929667047132,0.0,39.269473439444546,34.84254026534651,65.8919534216054,0.0,0.05171948259947247,0.0405632242536821,0.09262307850768285
S3,DCT,equal_dim,4,4,ACCy,1092,1092,1092,17.31195357396728,10.943953281163395,39.72582255616909,0.0,54.289308524720326,49.05834211128902,100.0,0.0,0.06957843071582792,0.0534113668701838,0.12169981450093281
S3,DCT,equal_dim,4,4,ACCz,1092,1092,1092,11.579333440256447,9.727202654756422,24.555007007296155,0.0,44.4131843788589,38.989516827235434,76.97035479013628,0.0,0.0554954882065701,0.04390985291461791,0.09485526197737582
S3,DCT,equal_byte,4,4,PPG,1092,1092,1092,19.248776287150466,14.99432832679894,39.44913751814268,0.0,19.27453197959042,15.040132759068818,39.45710727030462,0.0,9.657330403412786,8.601806233175028,18.745426434693552
S3,DCT,equal_byte,4,4,ACCx,1092,1092,1092,16.152991245307483,14.692749637420292,29.783850605082023,0.0,49.212172326372254,44.54793580960876,83.99248498498447,0.0,0.06495574701631977,0.051886502094080626,0.11698058282614755
S3,DCT,equal_byte,4,4,ACCy,1092,1092,1092,19.901877989506044,13.439541792805402,44.44533394064895,0.0,61.53858582880687,57.64744126804488,100.00000000000651,0.0,0.08253810204138662,0.06559899577097171,0.14861500890842844
S3,DCT,equal_byte,4,4,ACCz,1092,1092,1092,14.134647644567249,11.964683813607792,29.165076835668582,0.0,53.22951053226433,47.69680416048668,91.54476050669884,0.0,0.06733403399091928,0.05378077205105665,0.11969021823594853
S1,AE,equal_dim,2,2,PPG,1151,1151,1151,36.15102644005506,35.262305818903776,50.395464004483884,0.0,36.196521511871836,35.32904072117826,50.55792726849352,0.0,31.515455415772593,30.82648857657478,53.626760384543225
S1,AE,equal_byte,2,2,PPG,1151,1151,1151,36.15102644005506,35.262305818903776,50.395464004483884,0.0,36.196521511871836,35.32904072117826,50.55792726849352,0.0,31.515455415772593,30.82648857657478,53.626760384543225
S1,AE,equal_dim,2,2,ACCx,1151,1151,1151,22.549255757295924,19.629841850982668,40.94686742178389,0.0,238.39102695551802,84.98109138882684,324.52176934759774,0.0,0.11970242984437389,0.09484980650869426,0.22482036258358482
S1,AE,equal_byte,2,2,ACCx,1151,1151,1151,22.549255757295924,19.629841850982668,40.94686742178389,0.0,238.39102695551802,84.98109138882684,324.52176934759774,0.0,0.11970242984437389,0.09484980650869426,0.22482036258358482
S1,AE,equal_dim,2,2,ACCy,1151,1135,1135,53.1473827777215,34.33357943696092,100.72656040421529,0.013900955690703735,8063.648683691924,106.96674522358708,697.4263312885838,0.013900955690703735,0.1579308501493939,0.11109393364017432,0.3625695038820659
S1,AE,equal_byte,2,2,ACCy,1151,1135,1135,53.1473827777215,34.33357943696092,100.72656040421529,0.013900955690703735,8063.648683691924,106.96674522358708,697.4263312885838,0.013900955690703735,0.1579308501493939,0.11109393364017432,0.3625695038820659
S1,AE,equal_dim,2,2,ACCz,1151,1151,1151,26.610036245160213,19.182219619614706,56.96489171648306,0.0,244.31195414561085,93.31280882988263,375.3733942214741,0.0,0.12427514073381495,0.11033748174822976,0.23114443944434762
S1,AE,equal_byte,2,2,ACCz,1151,1151,1151,26.610036245160213,19.182219619614706,56.96489171648306,0.0,244.31195414561085,93.31280882988263,375.3733942214741,0.0,0.12427514073381495,0.11033748174822976,0.23114443944434762
S1,DCT,equal_dim,2,2,PPG,1151,1151,1151,17.709915595756595,15.932012332696912,31.79348719100885,0.0,17.730546487365366,15.963025220768845,31.95243898440082,0.0,15.41365978848839,14.284957615977765,29.966198728030797
S1,DCT,equal_dim,2,2,ACCx,1151,1151,1151,15.777087996146077,14.572196469227991,30.19704680105158,0.0,61.649977272215814,59.30910074542708,100.00000000000723,0.0,0.08386595324694138,0.07343923270352735,0.16253381659289332
S1,DCT,equal_dim,2,2,ACCy,1151,1135,1135,21.511409071652285,15.793199071298986,52.962950718317686,0.013900955690703735,71.2818008187656,75.26755251033089,100.00000000005353,0.013900955690703735,0.09383416939911061,0.06464958300243723,0.20641435280364434
S1,DCT,equal_dim,2,2,ACCz,1151,1151,1151,17.334226795364398,13.378417524059566,38.91971147656065,0.0,63.25674498196988,59.01091926014884,100.00000000004728,0.0,0.08310116928489465,0.07469520122031013,0.16345293220800414
S1,DCT,equal_byte,2,2,PPG,1151,1151,1151,25.24656896549679,23.289089101626093,41.59923967106741,0.0,25.27673928640464,23.302706608888904,41.603048306041615,0.0,22.015767871587062,21.366078703538346,39.511981222978896
S1,DCT,equal_byte,2,2,ACCx,1151,1151,1151,18.60241548190963,17.308325877782575,35.39123331578072,0.0,70.27175960494719,70.61264673765645,100.00000000002281,0.0,0.09897717767900646,0.08839163237226894,0.19114667237414976
S1,DCT,equal_byte,2,2,ACCy,1151,1135,1135,24.12362062346888,18.485696058277565,58.21446345147388,0.013900955690703735,78.30614215577474,93.30487125650303,100.00000000006678,0.013900955690703735,0.107347720014246,0.07705148653238197,0.24078236194750155
S1,DCT,equal_byte,2,2,ACCz,1151,1151,1151,20.324127731730485,16.20721797865784,45.60025851706786,0.0,70.7659135852634,69.4342556851309,100.0000000001065,0.0,0.09673898320673727,0.09069879355394148,0.18772478786699817
S2,AE,equal_dim,2,2,PPG,1025,1025,1025,61.68821979112986,55.15140461956257,96.17552179960909,0.0,61.74538628331134,55.349457951767555,96.35911026265182,0.0,18.25300170152094,17.08725631358476,31.452507762775955
S2,AE,equal_byte,2,2,PPG,1025,1025,1025,61.68821979112986,55.15140461956257,96.17552179960909,0.0,61.74538628331134,55.349457951767555,96.35911026265182,0.0,18.25300170152094,17.08725631358476,31.452507762775955
S2,AE,equal_dim,2,2,ACCx,1025,1025,1025,23.583707569212496,18.742512606489917,46.27940002438064,0.0,133.61185194515775,82.46906295671835,213.41260873469255,0.0,0.10826981482638982,0.08937168830358719,0.18826796008717395
S2,AE,equal_byte,2,2,ACCx,1025,1025,1025,23.583707569212496,18.742512606489917,46.27940002438064,0.0,133.61185194515775,82.46906295671835,213.41260873469255,0.0,0.10826981482638982,0.08937168830358719,0.18826796008717395
S2,AE,equal_dim,2,2,ACCy,1025,1025,1025,38.97480392087116,27.044019360459842,79.66267203318274,0.0,1200.3019529745723,96.37533155098225,325.523816713458,0.0,0.13062788176162585,0.09281713399516506,0.27658382132955767
S2,AE,equal_byte,2,2,ACCy,1025,1025,1025,38.97480392087116,27.044019360459842,79.66267203318274,0.0,1200.3019529745723,96.37533155098225,325.523816713458,0.0,0.13062788176162585,0.09281713399516506,0.27658382132955767
S2,AE,equal_dim,2,2,ACCz,1025,1025,1025,27.31374568505307,20.534427118353555,60.00542272910149,0.0,148.49951372932324,80.3420396543305,245.72244917279474,0.0,0.10318403608927866,0.08992530530647291,0.18400757625349745
S2,AE,equal_byte,2,2,ACCz,1025,1025,1025,27.31374568505307,20.534427118353555,60.00542272910149,0.0,148.49951372932324,80.3420396543305,245.72244917279474,0.0,0.10318403608927866,0.08992530530647291,0.18400757625349745
S2,DCT,equal_dim,2,2,PPG,1025,1025,1025,36.24767571583172,32.59233848768449,68.07180306372422,0.0,36.27840630841978,32.59269701589651,68.23166250476112,0.0,11.515591402612364,10.49564235201281,22.755909891859023
S2,DCT,equal_dim,2,2,ACCx,1025,1025,1025,14.968108168690923,13.125272231000896,30.16832444127669,0.0,54.39715608120274,52.000698947811195,86.59925535873808,0.0,0.07153221201901759,0.058472998970576014,0.1295167843351835
S2,DCT,equal_dim,2,2,ACCy,1025,1025,1025,21.738693443516972,15.436853020676718,49.20171295480114,0.0,67.59250077360784,70.10465622486628,100.0000000000566,0.0,0.08341919772123763,0.07184709819091632,0.1594820209961554
S2,DCT,equal_dim,2,2,ACCz,1025,1025,1025,18.222890104054013,13.961789891146312,41.415216582587966,0.0,58.11963266966607,53.35870906890793,93.31909586431532,0.0,0.07245694419993347,0.05976123018614161,0.13008047054679617
S2,DCT,equal_byte,2,2,PPG,1025,1025,1025,45.52687491951887,42.372288445065216,81.11035625415857,0.0,45.56551624171865,42.377292793049534,81.14289454553435,0.0,14.616161179948369,13.154870965152703,27.875997268608966
S2,DCT,equal_byte,2,2,ACCx,1025,1025,1025,17.607508539858788,15.955698957047835,35.246838416520596,0.0,62.58361750583415,61.70084919261649,97.76175635294982,0.0,0.08402415859005884,0.07136108136221142,0.15155535308009369
S2,DCT,equal_byte,2,2,ACCy,1025,1025,1025,23.762359790093402,17.396968921050888,52.76828688334986,0.0,73.01978658739428,80.07937067764138,100.00000000006872,0.0,0.09348463102836203,0.08401543690618865,0.18442236561116226
S2,DCT,equal_byte,2,2,ACCz,1025,1025,1025,20.869488093765543,16.290721051776277,46.52657235730443,0.0,65.00312954867702,61.87702846336478,100.00000000001153,0.0,0.08251197066013796,0.06951719420107809,0.1530528880261849
S3,AE,equal_dim,2,2,PPG,1092,1092,1092,45.63967755602998,41.085715575715135,69.20230764281692,0.0,45.70976305081202,41.18566098188539,69.2066332007983,0.0,25.14173750245011,23.284852188954673,44.02988597062773
S3,AE,equal_byte,2,2,PPG,1092,1092,1092,45.63967755602998,41.085715575715135,69.20230764281692,0.0,45.70976305081202,41.18566098188539,69.2066332007983,0.0,25.14173750245011,23.284852188954673,44.02988597062773
S3,AE,equal_dim,2,2,ACCx,1092,1092,1092,26.31953180974385,23.56145888545695,49.11276818624461,0.0,163.66319598645111,75.98831917127951,206.05186093063338,0.0,0.10384228593224079,0.08478580446204703,0.17977510841000516
S3,AE,equal_byte,2,2,ACCx,1092,1092,1092,26.31953180974385,23.56145888545695,49.11276818624461,0.0,163.66319598645111,75.98831917127951,206.05186093063338,0.0,0.10384228593224079,0.08478580446204703,0.17977510841000516
S3,AE,equal_dim,2,2,ACCy,1092,1092,1092,44.007354894358755,30.563164323736874,78.91301588637518,0.0,740.0450849584051,96.58232189612333,492.47049324961654,0.0,0.1477356887417778,0.11973312170662341,0.2805070598224284
S3,AE,equal_byte,2,2,ACCy,1092,1092,1092,44.007354894358755,30.563164323736874,78.91301588637518,0.0,740.0450849584051,96.58232189612333,492.47049324961654,0.0,0.1477356887417778,0.11973312170662341,0.2805070598224284
S3,AE,equal_dim,2,2,ACCz,1092,1092,1092,24.03930457804121,20.679874963087418,47.88321678746547,0.0,112.25808853220084,82.90056634965755,193.18865532246906,0.0,0.10959751129965419,0.09266193583561963,0.19087593931533786
S3,AE,equal_byte,2,2,ACCz,1092,1092,1092,24.03930457804121,20.679874963087418,47.88321678746547,0.0,112.25808853220084,82.90056634965755,193.18865532246906,0.0,0.10959751129965419,0.09266193583561963,0.19087593931533786
S3,DCT,equal_dim,2,2,PPG,1092,1092,1092,23.451930271108555,18.677410805427975,45.08117834038433,0.0,23.484238761607102,18.75402504017121,45.08145670585177,0.0,12.08763270961522,10.87914663191626,22.80359778770974
S3,DCT,equal_dim,2,2,ACCx,1092,1092,1092,18.440176300764726,16.753545280946867,34.08793988885875,0.0,55.47135624562885,52.18749879233826,93.2482701169706,0.0,0.07395397412523608,0.05987056298869267,0.1319275802423109
S3,DCT,equal_dim,2,2,ACCy,1092,1092,1092,21.739351480909527,15.386464934249055,48.92696262001492,0.0,66.78656493444905,64.48495179993313,100.00000000002359,0.0,0.09175398605689528,0.07267431175724669,0.17639496212071237
S3,DCT,equal_dim,2,2,ACCz,1092,1092,1092,15.799072869869727,13.416834911459059,32.4969585005574,0.0,58.28631443124823,53.677057746329666,100.00000000000023,0.0,0.07505743489099088,0.06012254135965471,0.1312448491566214
S3,DCT,equal_byte,2,2,PPG,1092,1092,1092,31.132600701534994,26.758252473742534,55.24898206628738,0.0,31.177453178078093,26.78778191228251,55.343201114861365,0.0,16.754971995807484,15.27359972582294,29.449061851851365
S3,DCT,equal_byte,2,2,ACCx,1092,1092,1092,21.74207795731681,20.189773487302382,41.12646435029208,0.0,63.79743869881403,62.19223989977784,100.00000000001914,0.0,0.08702406597194635,0.07089554569293935,0.1592675803071088
S3,DCT,equal_byte,2,2,ACCy,1092,1092,1092,24.280635174736172,18.213016525723503,54.1195406514098,0.0,73.73717303412487,75.60759708707701,100.00000000003114,0.0,0.10447751929175778,0.08563963715558853,0.20419850744153678
S3,DCT,equal_byte,2,2,ACCz,1092,1092,1092,18.22398121692264,15.665508552356991,37.99552801483247,0.0,65.14459270863304,62.03820419034972,100.00000000002929,0.0,0.08608475950835348,0.06976598802770614,0.15371693485493623
S4,AE,equal_dim,16,16,PPG,1143,1143,1143,10.478226103791576,9.546129900493483,16.55789584383853,0.0,10.487893049829779,9.554257224438553,16.55946657815188,0.0,5.372568100352761,4.4736097507772925,11.107652457552993
S4,AE,equal_byte,16,16,PPG,1143,1143,1143,10.478226103791576,9.546129900493483,16.55789584383853,0.0,10.487893049829779,9.554257224438553,16.55946657815188,0.0,5.372568100352761,4.4736097507772925,11.107652457552993
S4,AE,equal_dim,16,16,ACCx,1143,1143,1143,4.499076621213394,3.555167984872292,8.202163692302786,0.0,25.853542774197642,12.198137276870499,44.10657166954878,0.0,0.023560387279121915,0.016546403947439347,0.04607052652525325
S4,AE,equal_byte,16,16,ACCx,1143,1143,1143,4.499076621213394,3.555167984872292,8.202163692302786,0.0,25.853542774197642,12.198137276870499,44.10657166954878,0.0,0.023560387279121915,0.016546403947439347,0.04607052652525325
S4,AE,equal_dim,16,16,ACCy,1143,1143,1143,13.174875565550273,10.070645769574492,26.80506979276011,0.0,102.95902151424899,46.87774346456127,127.45467825065819,0.0,0.07382563171488912,0.04961394986323655,0.14166442905144896
S4,AE,equal_byte,16,16,ACCy,1143,1143,1143,13.174875565550273,10.070645769574492,26.80506979276011,0.0,102.95902151424899,46.87774346456127,127.45467825065819,0.0,0.07382563171488912,0.04961394986323655,0.14166442905144896
S4,AE,equal_dim,16,16,ACCz,1143,1143,1143,9.779869610550445,7.396667744883464,20.621766278182783,0.0,38.208853389204045,21.73040138000707,70.27633456002,0.0,0.0412274441594473,0.027387738775282177,0.0812362164948087
S4,AE,equal_byte,16,16,ACCz,1143,1143,1143,9.779869610550445,7.396667744883464,20.621766278182783,0.0,38.208853389204045,21.73040138000707,70.27633456002,0.0,0.0412274441594473,0.027387738775282177,0.0812362164948087
S4,DCT,equal_dim,16,16,PPG,1143,1143,1143,4.184093787981799,3.144503792088676,7.571668485766496,0.0,4.187919679275178,3.145997977821379,7.572540828377828,0.0,2.177982284414898,1.558835545072575,4.353366537416657
S4,DCT,equal_dim,16,16,ACCx,1143,1143,1143,2.220378818610664,1.7643559151155452,4.252564477595335,0.0,7.381586219580497,5.9614361101941435,12.942252721800834,0.0,0.011880572409158113,0.00901055542672335,0.02389549469714829
S4,DCT,equal_dim,16,16,ACCy,1143,1143,1143,5.092418017557141,3.4630470969054374,11.817057538298675,0.0,21.43815333949119,16.25076824349189,43.27781175501574,0.0,0.025253877470769865,0.018609577957355485,0.05283036108179278
S4,DCT,equal_dim,16,16,ACCz,1143,1143,1143,3.528247882455684,2.640605421624449,7.855169710894782,0.0,9.7289112163684,8.35746851844001,17.984508672010907,0.0,0.014948628761389126,0.011244738813262309,0.030084142122986126
S4,DCT,equal_byte,16,16,PPG,1143,1143,1143,7.590625438857369,6.062571670517093,13.732187517578195,0.0,7.597571608738544,6.066007925567609,13.749679877193442,0.0,3.970163743038728,3.056699699823527,8.179122319149084
S4,DCT,equal_byte,16,16,ACCx,1143,1143,1143,4.695058727402563,3.868188272378182,9.138418242051062,0.0,15.3265429434385,13.175511240516425,24.887378312809137,0.0,0.025177814691053572,0.019598463113216464,0.05119755921587219
S4,DCT,equal_byte,16,16,ACCy,1143,1143,1143,8.55827980095631,5.855805435656487,19.161576712571577,0.0,34.5255973178976,27.744731865046457,68.4342922602644,0.0,0.043536861717410336,0.03231706012406178,0.08836749438448271
S4,DCT,equal_byte,16,16,ACCz,1143,1143,1143,7.18460523410946,5.672972731423332,15.993645509739636,0.0,19.45419930441107,17.34933613166473,34.346454758818794,0.0,0.030208647119752022,0.022776871853146863,0.06256325651149024
S5,AE,equal_dim,16,16,PPG,1163,1163,1163,8.03668957637158,7.4294971216396055,11.630636511813428,0.0,8.05128556884999,7.4355867892817855,11.703564155554902,0.0,6.979822028706632,6.244872966404985,10.989429997076446
S5,AE,equal_byte,16,16,PPG,1163,1163,1163,8.03668957637158,7.4294971216396055,11.630636511813428,0.0,8.05128556884999,7.4355867892817855,11.703564155554902,0.0,6.979822028706632,6.244872966404985,10.989429997076446
S5,AE,equal_dim,16,16,ACCx,1163,1163,1163,5.513964042441759,4.439569884004388,9.749678263029216,0.0,21.755513380753484,15.325455658741047,32.71109699598219,0.0,0.02767445322588107,0.021958207369042564,0.04776361639419857
S5,AE,equal_byte,16,16,ACCx,1163,1163,1163,5.513964042441759,4.439569884004388,9.749678263029216,0.0,21.755513380753484,15.325455658741047,32.71109699598219,0.0,0.02767445322588107,0.021958207369042564,0.04776361639419857
S5,AE,equal_dim,16,16,ACCy,1163,1163,1163,22.178836197829344,13.385878958853151,45.583658861501554,0.0,65.29189894202341,48.24407076196795,114.10037290467926,0.0,0.08246987514239354,0.06897799363626261,0.14518037325756603
S5,AE,equal_byte,16,16,ACCy,1163,1163,1163,22.178836197829344,13.385878958853151,45.583658861501554,0.0,65.29189894202341,48.24407076196795,114.10037290467926,0.0,0.08246987514239354,0.06897799363626261,0.14518037325756603
S5,AE,equal_dim,16,16,ACCz,1163,1163,1163,12.686520034624612,11.152965500092852,23.568103865559596,0.0,37.423214338053924,26.761039123856833,70.24863308345464,0.0,0.04829041921750416,0.03675954880761462,0.0850441895766619
S5,AE,equal_byte,16,16,ACCz,1163,1163,1163,12.686520034624612,11.152965500092852,23.568103865559596,0.0,37.423214338053924,26.761039123856833,70.24863308345464,0.0,0.04829041921750416,0.03675954880761462,0.0850441895766619
S5,DCT,equal_dim,16,16,PPG,1163,1163,1163,2.6144552905207687,2.1858787879954735,4.825765174251063,0.0,2.6194020865345995,2.187782999497052,4.832957357365462,0.0,2.378941232660728,1.846602147283706,4.484235504525217
S5,DCT,equal_dim,16,16,ACCx,1163,1163,1163,2.600820628020448,2.2542694704161774,4.999813640458044,0.0,7.943517887969293,7.29248035340127,12.492756837908495,0.0,0.013332390414718655,0.0105929747550435,0.02476156752627102
S5,DCT,equal_dim,16,16,ACCy,1163,1163,1163,8.137709749324651,5.0654995860181335,18.152281856573257,0.0,20.76509353169914,15.544751999358747,41.814611504919604,0.0,0.029311949360536143,0.022160089714120142,0.05554523797562937
S5,DCT,equal_dim,16,16,ACCz,1163,1163,1163,4.372968453057466,4.019036571369227,8.32838921807193,0.0,10.709408074052348,9.197030717739242,18.46643327512007,0.0,0.01702732186064812,0.012994662792384136,0.03132561909886776
S5,DCT,equal_byte,16,16,PPG,1163,1163,1163,4.751386918219079,4.127656082492899,8.894448812383915,0.0,4.76041127702973,4.138317058948274,8.907678130654014,0.0,4.278053588821334,3.4963068084720654,8.086615503332776
S5,DCT,equal_byte,16,16,ACCx,1163,1163,1163,5.584738192213896,5.059557922780152,10.736331077576233,0.0,16.98668600115742,16.080456501663036,25.574242158560136,0.0,0.028825511540463693,0.02335487112903698,0.05470948636511379
S5,DCT,equal_byte,16,16,ACCy,1163,1163,1163,13.444219384400332,8.486094154413275,30.10226417755666,0.0,33.70367881683465,26.691511766165277,66.20752989332256,0.0,0.05014551601689747,0.03870533762740425,0.0953324554338164
S5,DCT,equal_byte,16,16,ACCz,1163,1163,1163,9.00803613978192,8.53137523104043,17.225848279574763,0.0,21.556003315827454,19.294471757222542,36.85884005042132,0.0,0.03497318314899423,0.027771617709401213,0.06514618267410693
S6,AE,equal_dim,16,16,PPG,656,656,656,8.16867115149501,6.80413969351604,13.581741025265718,0.0,8.177184799663767,6.804440387047766,13.589772676740505,0.0,5.789009170314695,4.797590737082544,11.153527507198085
S6,AE,equal_byte,16,16,PPG,656,656,656,8.16867115149501,6.80413969351604,13.581741025265718,0.0,8.177184799663767,6.804440387047766,13.589772676740505,0.0,5.789009170314695,4.797590737082544,11.153527507198085
S6,AE,equal_dim,16,16,ACCx,656,656,656,5.237856738782317,4.175197525689571,10.641093583528168,0.0,36.26096786506016,13.841641389222122,47.58245670218447,0.0,0.0313734375168678,0.02160146774879792,0.06926589898049329
S6,AE,equal_byte,16,16,ACCx,656,656,656,5.237856738782317,4.175197525689571,10.641093583528168,0.0,36.26096786506016,13.841641389222122,47.58245670218447,0.0,0.0313734375168678,0.02160146774879792,0.06926589898049329
S6,AE,equal_dim,16,16,ACCy,656,656,656,15.509105697071785,11.046661580778315,32.32902773348502,0.0,153.2723145666091,44.42637043244336,97.55272980707568,0.0,0.08997272189905632,0.07298462173673173,0.1888098199587039
S6,AE,equal_byte,16,16,ACCy,656,656,656,15.509105697071785,11.046661580778315,32.32902773348502,0.0,153.2723145666091,44.42637043244336,97.55272980707568,0.0,0.08997272189905632,0.07298462173673173,0.1888098199587039
S6,AE,equal_dim,16,16,ACCz,656,656,656,13.460839590372302,11.509523650083931,25.71496746424141,0.0,88.46565140366518,24.099232431503072,85.82491797303075,0.0,0.05627233931846922,0.03803387117325224,0.12378430511141111
S6,AE,equal_byte,16,16,ACCz,656,656,656,13.460839590372302,11.509523650083931,25.71496746424141,0.0,88.46565140366518,24.099232431503072,85.82491797303075,0.0,0.05627233931846922,0.03803387117325224,0.12378430511141111
S6,DCT,equal_dim,16,16,PPG,656,656,656,3.5857039298946223,2.7443636398895728,6.774741871962471,0.0,3.5895727754944815,2.7458821156090174,6.7898090301793275,0.0,2.6058419303818194,1.9480343217522518,5.672333530613454
S6,DCT,equal_dim,16,16,ACCx,656,656,656,2.4483621137688867,2.1940574176393923,4.948882560180246,0.0,8.59588789366376,6.982185459557498,13.850160243192052,0.0,0.014474628188780652,0.011170406368511363,0.03112029045798593
S6,DCT,equal_dim,16,16,ACCy,656,656,656,5.615368735639039,4.283434372268205,12.805592950200104,0.0,19.4610006349009,16.842660301372685,34.50614788367661,0.0,0.03134211986542192,0.023412737371722968,0.06946592705895295
S6,DCT,equal_dim,16,16,ACCz,656,656,656,4.4697680550307854,4.013975381393873,8.339865527681571,0.0,10.812423663952156,8.291095982777366,22.945815312621583,0.0,0.01880957165650228,0.014026620521957134,0.03925646142814393
S6,DCT,equal_byte,16,16,PPG,656,656,656,6.440690320518673,5.084932165900936,12.64962035444487,0.0,6.447607274270707,5.087924606689148,12.65262881779727,0.0,4.717325883516926,3.5837334068325353,10.365127704601335
S6,DCT,equal_byte,16,16,ACCx,656,656,656,5.249647507566714,4.719042796168725,10.588622989052114,0.0,17.420483834406916,14.751731973272658,26.118781938111404,0.0,0.03108296950209236,0.024313074427296653,0.06624981492778681
S6,DCT,equal_byte,16,16,ACCy,656,656,656,9.778288082148444,7.299443173373698,22.784405349343892,0.0,32.6868325540675,28.526122931978293,58.20014467968761,0.0,0.05534103241648111,0.042436779792322174,0.11828330641424838
S6,DCT,equal_byte,16,16,ACCz,656,656,656,9.118359183850247,8.347547751779965,16.72044598909526,0.0,21.325225913456563,17.39741743786916,42.13623729071658,0.0,0.03805263836371106,0.029364947710221998,0.08042268627265209
S4,AE,equal_dim,8,8,PPG,1143,1143,1143,19.874450908353232,19.203564436805948,28.423090609750435,0.0,19.892577251517814,19.22282201624591,28.432577368248666,0.0,9.796441723857594,8.167805214663156,19.02288677208505
S4,AE,equal_byte,8,8,PPG,1143,1143,1143,19.874450908353232,19.203564436805948,28.423090609750435,0.0,19.892577251517814,19.22282201624591,28.432577368248666,0.0,9.796441723857594,8.167805214663156,19.02288677208505
S4,AE,equal_dim,8,8,ACCx,1143,1143,1143,13.05001946355814,9.629363070935403,25.442128128531834,0.0,54.580053646246164,36.24388711079908,87.31420462121395,0.0,0.0703081934964936,0.047248978059348724,0.1387972338407422
S4,AE,equal_byte,8,8,ACCx,1143,1143,1143,13.05001946355814,9.629363070935403,25.442128128531834,0.0,54.580053646246164,36.24388711079908,87.31420462121395,0.0,0.0703081934964936,0.047248978059348724,0.1387972338407422
S4,AE,equal_dim,8,8,ACCy,1143,1143,1143,15.502728719832538,12.327077377772447,31.655036012489465,0.0,122.06830191817167,56.34446060475729,142.51983044417779,0.0,0.08858273593097757,0.05543147048574811,0.17400304709107897
S4,AE,equal_byte,8,8,ACCy,1143,1143,1143,15.502728719832538,12.327077377772447,31.655036012489465,0.0,122.06830191817167,56.34446060475729,142.51983044417779,0.0,0.08858273593097757,0.05543147048574811,0.17400304709107897
S4,AE,equal_dim,8,8,ACCz,1143,1143,1143,16.971496567004312,13.223848568382001,37.32708808499934,0.0,58.099597624764435,39.19989899837116,97.2203670762621,0.0,0.07035099745158419,0.0486379772082985,0.14532646158057771
S4,AE,equal_byte,8,8,ACCz,1143,1143,1143,16.971496567004312,13.223848568382001,37.32708808499934,0.0,58.099597624764435,39.19989899837116,97.2203670762621,0.0,0.07035099745158419,0.0486379772082985,0.14532646158057771
S4,DCT,equal_dim,8,8,PPG,1143,1143,1143,10.417526661362803,8.70104269157493,19.754421220034256,0.0,10.427046740175134,8.710605080525287,19.812040443361624,0.0,5.457360767172866,4.245270439823143,11.548579541626127
S4,DCT,equal_dim,8,8,ACCx,1143,1143,1143,6.742799186648823,5.673540922273893,13.31961341645719,0.0,21.802372293274484,19.241242396436164,34.50952568072173,0.0,0.036189923495441395,0.028427986026108493,0.0745900234508967
S4,DCT,equal_dim,8,8,ACCy,1143,1143,1143,10.685024019892762,7.454314300405736,23.57773680696208,0.0,41.95005686402867,34.22701638168954,80.66666453105597,0.0,0.05547215703045223,0.04213448153717291,0.11186402700218845
S4,DCT,equal_dim,8,8,ACCz,1143,1143,1143,9.939235867754842,7.9455141252177865,22.129997258436244,0.0,26.847443324618258,24.196652760172352,46.49398195917849,0.0,0.04164094908678007,0.03252789775563377,0.0855794909419822
S4,DCT,equal_byte,8,8,PPG,1143,1143,1143,15.18706814028753,12.90831886545588,28.818684264142703,0.0,15.200988544135951,12.92070821552224,28.834126263073674,0.0,7.973779052768308,6.41670470295464,16.75764603870709
S4,DCT,equal_byte,8,8,ACCx,1143,1143,1143,9.82225380065365,8.556729109495768,19.6495115557387,0.0,31.59262841271596,28.667066271472525,48.72544674689177,0.0,0.052771670231967674,0.04195501327206702,0.10861422318821197
S4,DCT,equal_byte,8,8,ACCy,1143,1143,1143,13.465725509360771,9.863678131173646,29.481238932371372,0.0,50.57933010946394,43.42107055433313,90.8363308747207,0.0,0.07179253808035167,0.0550949559527189,0.14358312452657812
S4,DCT,equal_byte,8,8,ACCz,1143,1143,1143,13.844074217642039,11.30503428878065,30.52112218005026,0.0,36.98272034933301,33.74375762030418,62.79443519747796,0.0,0.05761332653532803,0.04537494486909681,0.1182398137499363
S5,AE,equal_dim,8,8,PPG,1163,1163,1163,17.27805977309878,16.374307379697182,24.267860310554124,0.0,17.31028037428576,16.38637907425788,24.293189507042886,0.0,14.707175779167363,13.701187171078578,21.79131580988492
S5,AE,equal_byte,8,8,PPG,1163,1163,1163,17.27805977309878,16.374307379697182,24.267860310554124,0.0,17.31028037428576,16.38637907425788,24.293189507042886,0.0,14.707175779167363,13.701187171078578,21.79131580988492
S5,AE,equal_dim,8,8,ACCx,1163,1163,1163,16.008126675361467,13.109568112352573,29.49268489547382,0.0,52.83274687808188,43.764839930156775,82.31531899122615,0.0,0.08390353287230137,0.06192049812005204,0.152452615865496
S5,AE,equal_byte,8,8,ACCx,1163,1163,1163,16.008126675361467,13.109568112352573,29.49268489547382,0.0,52.83274687808188,43.764839930156775,82.31531899122615,0.0,0.08390353287230137,0.06192049812005204,0.152452615865496
S5,AE,equal_dim,8,8,ACCy,1163,1163,1163,24.688275500637587,16.46904032691747,50.186558904134145,0.0,69.82758884752631,60.08168932487642,114.11148797897177,0.0,0.09855500331903014,0.08266697617648816,0.18619506235170102
S5,AE,equal_byte,8,8,ACCy,1163,1163,1163,24.688275500637587,16.46904032691747,50.186558904134145,0.0,69.82758884752631,60.08168932487642,114.11148797897177,0.0,0.09855500331903014,0.08266697617648816,0.18619506235170102
S5,AE,equal_dim,8,8,ACCz,1163,1163,1163,21.641947836030855,19.886738148168646,40.39527948569383,0.0,55.730231473699526,46.642397992991675,86.69297586556834,0.0,0.07989075956267093,0.06482007094385824,0.1463505837649452
S5,AE,equal_byte,8,8,ACCz,1163,1163,1163,21.641947836030855,19.886738148168646,40.39527948569383,0.0,55.730231473699526,46.642397992991675,86.69297586556834,0.0,0.07989075956267093,0.06482007094385824,0.1463505837649452
S5,DCT,equal_dim,8,8,PPG,1163,1163,1163,6.637125878067325,5.865226896421156,12.351495090736552,0.0,6.649919744414315,5.873533401653249,12.391203153841621,0.0,5.94287568537668,4.950984877705695,11.19672564713518
S5,DCT,equal_dim,8,8,ACCx,1163,1163,1163,8.099308826157527,7.495377977336181,15.369005748002696,0.0,24.645554583555725,23.6145790939536,36.514287972752015,0.0,0.041992263224541033,0.03472777151804764,0.07874831245091553
S5,DCT,equal_dim,8,8,ACCy,1163,1163,1163,16.436851904092872,10.539823111563969,37.135216309098546,0.0,40.76495801556909,33.252610138851054,77.87732604106735,0.0,0.06276808858938993,0.05001594672242339,0.11730507329697736
S5,DCT,equal_dim,8,8,ACCz,1163,1163,1163,12.50394069537983,11.866933535883373,23.780918695675457,0.0,29.624094390018996,27.164265433409625,48.79097968808733,0.0,0.04829810064378072,0.039157277513773917,0.09015328888040504
S5,DCT,equal_byte,8,8,PPG,1163,1163,1163,9.804982973691168,8.721828676432976,18.005808957192684,0.0,9.823925338883232,8.785913422178995,18.042212156092088,0.0,8.681936710215263,7.60263496016833,16.248787502557455
S5,DCT,equal_byte,8,8,ACCx,1163,1163,1163,11.909087661198726,11.104527202192832,22.323755521869753,0.0,36.27752118053919,34.83446140584617,52.53059050625161,0.0,0.06199016894640736,0.052134958306768536,0.11534423591537121
S5,DCT,equal_byte,8,8,ACCy,1163,1163,1163,20.215448624789502,13.29684373998002,44.73134722484236,0.0,49.472442170856475,42.942164375300024,89.59229519451173,0.0,0.07945524759207843,0.06683405845016713,0.1470261692079884
S5,DCT,equal_byte,8,8,ACCz,1163,1163,1163,17.457165814567936,16.762494144082822,33.12224245385213,0.0,40.765161966027755,38.3460483728714,65.51490630082094,0.0,0.06689901440339226,0.055513176058623694,0.12632165458068195
S6,AE,equal_dim,8,8,PPG,656,656,656,16.044931460187716,14.912902404016002,24.466183184183876,0.0,16.061944212472305,14.914708089909372,24.475277763391176,0.0,11.24440567301612,10.065007315805179,18.73626750180747
S6,AE,equal_byte,8,8,PPG,656,656,656,16.044931460187716,14.912902404016002,24.466183184183876,0.0,16.061944212472305,14.914708089909372,24.475277763391176,0.0,11.24440567301612,10.065007315805179,18.73626750180747
S6,AE,equal_dim,8,8,ACCx,656,656,656,15.669160956720944,11.867799800352401,32.60389753518951,0.0,87.25456483494834,40.16521324723257,92.21749073998839,0.0,0.09448947180968964,0.06397920053695003,0.20861147180344786
S6,AE,equal_byte,8,8,ACCx,656,656,656,15.669160956720944,11.867799800352401,32.60389753518951,0.0,87.25456483494834,40.16521324723257,92.21749073998839,0.0,0.09448947180968964,0.06397920053695003,0.20861147180344786
S6,AE,equal_dim,8,8,ACCy,656,656,656,18.490059008862854,13.4994273979129,37.08598451416323,0.0,175.14674631413936,56.13201772285508,104.5230118284693,0.0,0.10907736350173902,0.0920888895807711,0.21600948879271292
S6,AE,equal_byte,8,8,ACCy,656,656,656,18.490059008862854,13.4994273979129,37.08598451416323,0.0,175.14674631413936,56.13201772285508,104.5230118284693,0.0,0.10907736350173902,0.0920888895807711,0.21600948879271292
S6,AE,equal_dim,8,8,ACCz,656,656,656,22.081344973471037,19.849627365777124,39.56136751223182,0.0,125.62443907626735,43.430751381837275,94.45627632705859,0.0,0.08787147694002448,0.07037755245623643,0.18342888179574912
S6,AE,equal_byte,8,8,ACCz,656,656,656,22.081344973471037,19.849627365777124,39.56136751223182,0.0,125.62443907626735,43.430751381837275,94.45627632705859,0.0,0.08787147694002448,0.07037755245623643,0.18342888179574912
S6,DCT,equal_dim,8,8,PPG,656,656,656,8.85282143636509,7.313653199088504,16.69822579302705,0.0,8.862383532239031,7.320973922641134,16.70869015322969,0.0,6.481222919425059,5.107174392035167,13.619098807074575
S6,DCT,equal_dim,8,8,ACCx,656,656,656,7.497203101446439,6.8817511237026,14.760229127581612,0.0,24.36282841282725,21.37446333072642,36.1171372752312,0.0,0.04449584355611381,0.03531022968503138,0.09540680238518813
S6,DCT,equal_dim,8,8,ACCy,656,656,656,12.390335357343613,9.207024704026253,28.154453622258224,0.0,40.65205805030396,36.262322556345,71.2514073722734,0.0,0.07087227703898333,0.054603298484628554,0.15049512725619257
S6,DCT,equal_dim,8,8,ACCz,656,656,656,12.711449170908114,11.640971326889503,23.159017345742132,0.0,29.259219341739975,24.910563427111008,55.12648178398213,0.0,0.05273041284054672,0.041472701749948965,0.11105536965128349
S6,DCT,equal_byte,8,8,PPG,656,656,656,12.800529414142972,10.794409578342972,23.865192051648535,0.0,12.814510796950943,10.83175147772802,23.866086674626168,0.0,9.3339049372928,7.681919030910123,19.539734011887568
S6,DCT,equal_byte,8,8,ACCx,656,656,656,10.928135250297982,10.20494412923588,21.883986869666295,0.0,34.449551742423964,31.025931833551766,53.08105003581268,0.0,0.06487167812193945,0.05268147747609557,0.13856343046933334
S6,DCT,equal_byte,8,8,ACCy,656,656,656,15.848713640896893,11.749269615912397,35.225604862903396,0.0,50.72070495172042,47.1445211677442,84.6228237264969,0.0,0.09175463438675671,0.07370498964051678,0.18916353942961617
S6,DCT,equal_byte,8,8,ACCz,656,656,656,17.763602951477825,16.43017406176356,32.24475454892857,0.0,39.930618335674325,35.78636610311399,71.53228215950955,0.0,0.07290358376045379,0.05761181210411814,0.15488382362026928
S4,AE,equal_dim,4,4,PPG,1143,1143,1143,25.57797209053645,24.185843591468682,37.331318126765005,0.0,25.60172582069224,24.217155440670613,37.338824790441585,0.0,12.858018666973916,10.531894893161297,24.861266980132495
S4,AE,equal_byte,4,4,PPG,1143,1143,1143,25.57797209053645,24.185843591468682,37.331318126765005,0.0,25.60172582069224,24.217155440670613,37.338824790441585,0.0,12.858018666973916,10.531894893161297,24.861266980132495
S4,AE,equal_dim,4,4,ACCx,1143,1143,1143,19.35720278238412,16.385835334820342,40.16680665038441,0.0,73.76442503875366,57.41597743717778,101.40800487306477,0.0,0.10415487951509995,0.08039504327906905,0.20935810661509224
S4,AE,equal_byte,4,4,ACCx,1143,1143,1143,19.35720278238412,16.385835334820342,40.16680665038441,0.0,73.76442503875366,57.41597743717778,101.40800487306477,0.0,0.10415487951509995,0.08039504327906905,0.20935810661509224
S4,AE,equal_dim,4,4,ACCy,1143,1143,1143,21.291517975740145,17.08058177568353,42.05662642323142,0.0,178.40096429430537,75.42899152429968,225.86204592017253,0.0,0.11899587995709644,0.08530886056038094,0.2478015047411892
S4,AE,equal_byte,4,4,ACCy,1143,1143,1143,21.291517975740145,17.08058177568353,42.05662642323142,0.0,178.40096429430537,75.42899152429968,225.86204592017253,0.0,0.11899587995709644,0.08530886056038094,0.2478015047411892
S4,AE,equal_dim,4,4,ACCz,1143,1143,1143,25.539410654338802,20.470039905170797,54.682014605991206,0.0,85.04335883020329,62.86803689749782,131.0241359345448,0.0,0.10361907157031504,0.0792731296211033,0.21782715003241607
S4,AE,equal_byte,4,4,ACCz,1143,1143,1143,25.539410654338802,20.470039905170797,54.682014605991206,0.0,85.04335883020329,62.86803689749782,131.0241359345448,0.0,0.10361907157031504,0.0792731296211033,0.21782715003241607
S4,DCT,equal_dim,4,4,PPG,1143,1143,1143,18.942406904708537,16.75408986409209,36.622826682461465,0.0,18.95965854237602,16.78645067359184,36.6296114517629,0.0,9.973546824934557,8.33850285326553,21.3963679422057
S4,DCT,equal_dim,4,4,ACCx,1143,1143,1143,11.971610216043763,10.571018961269624,23.5742661498827,0.0,38.42507279492853,35.59503699495223,58.43867624947214,0.0,0.06429984012640651,0.052401594512466156,0.1326201885995074
S4,DCT,equal_dim,4,4,ACCy,1143,1143,1143,15.318379133470314,11.270806977472342,32.83532168411597,0.0,56.07511434934191,50.36499767914185,96.70507500546483,0.0,0.08282191240833513,0.06415633272489059,0.16702294789745728
S4,DCT,equal_dim,4,4,ACCz,1143,1143,1143,16.44649618698438,13.592668733131891,36.4801332994472,0.0,43.4776355508851,40.43424141654377,73.08724770407972,0.0,0.06821770999678192,0.05346200231816026,0.14110155443555997
S4,DCT,equal_byte,4,4,PPG,1143,1143,1143,25.239004755841922,22.839412888758908,47.17894260271123,0.0,25.26209165144954,22.87922875841712,47.19828774315588,0.0,13.322339573818128,11.583168271199163,28.516740724699638
S4,DCT,equal_byte,4,4,ACCx,1143,1143,1143,14.962728892778301,13.6555182255139,30.110025363225567,0.0,47.906730731965624,45.30040841876611,72.67499806722432,0.0,0.08033075085627554,0.06502911719498188,0.16628682007911968
S4,DCT,equal_byte,4,4,ACCy,1143,1143,1143,17.758694952733784,13.588802198957131,39.30527310484101,0.0,63.166766048442156,59.83685518494247,100.00000000003753,0.0,0.09725531632967208,0.073822347741833,0.2010309802907645
S4,DCT,equal_byte,4,4,ACCz,1143,1143,1143,20.08040860061373,16.56406767710869,44.09368029597383,0.0,52.18718543045089,49.40231433059281,84.53459203777372,0.0,0.08287591501480365,0.06618142734036539,0.17098225847917012
S5,AE,equal_dim,4,4,PPG,1163,1163,1163,23.175365930402517,21.800646317049825,33.43697560659168,0.0,23.21755212215203,21.851561427984574,33.464667620669395,0.0,19.795924275661893,19.425500204782555,28.934918684286252
S5,AE,equal_byte,4,4,PPG,1163,1163,1163,23.175365930402517,21.800646317049825,33.43697560659168,0.0,23.21755212215203,21.851561427984574,33.464667620669395,0.0,19.795924275661893,19.425500204782555,28.934918684286252
S5,AE,equal_dim,4,4,ACCx,1163,1163,1163,22.368445982495853,19.153607160019586,41.092278485758094,0.0,75.05956035244826,65.40280161381192,94.53120145588073,0.0,0.11486684364758322,0.0958971680130241,0.20908371042428625
S5,AE,equal_byte,4,4,ACCx,1163,1163,1163,22.368445982495853,19.153607160019586,41.092278485758094,0.0,75.05956035244826,65.40280161381192,94.53120145588073,0.0,0.11486684364758322,0.0958971680130241,0.20908371042428625
S5,AE,equal_dim,4,4,ACCy,1163,1163,1163,42.08539115509741,26.673895586281187,74.37819954883135,0.0,138.3012255953876,95.11677254547116,249.52625181183157,0.0,0.14615052265645306,0.12742091603318684,0.2641609634001647
S5,AE,equal_byte,4,4,ACCy,1163,1163,1163,42.08539115509741,26.673895586281187,74.37819954883135,0.0,138.3012255953876,95.11677254547116,249.52625181183157,0.0,0.14615052265645306,0.12742091603318684,0.2641609634001647
S5,AE,equal_dim,4,4,ACCz,1163,1163,1163,32.31520178299354,29.936044008203556,57.65389234734669,0.0,84.990202210319,71.29609428445578,111.5234418601514,0.0,0.11739372307062707,0.10164562892586364,0.22051531748593817
S5,AE,equal_byte,4,4,ACCz,1163,1163,1163,32.31520178299354,29.936044008203556,57.65389234734669,0.0,84.990202210319,71.29609428445578,111.5234418601514,0.0,0.11739372307062707,0.10164562892586364,0.22051531748593817
S5,DCT,equal_dim,4,4,PPG,1163,1163,1163,12.426043680983053,11.31040956374863,22.510195568234565,0.0,12.450118382305112,11.337118130167262,22.595340923441324,0.0,10.992496749170954,9.72948788021996,20.406687924883986
S5,DCT,equal_dim,4,4,ACCx,1163,1163,1163,14.548246399865793,13.642176188886983,27.217296626576754,0.0,44.39883800847204,43.00238731167888,63.165851187458344,0.0,0.07585942620069068,0.06401165967966371,0.1419542389892633
S5,DCT,equal_dim,4,4,ACCy,1163,1163,1163,22.62286092759156,15.325390870580216,49.87107416345431,0.0,55.027229446627636,49.99752369379336,95.07645932537419,0.0,0.09049433648922904,0.07721553323096002,0.1652555677275762
S5,DCT,equal_dim,4,4,ACCz,1163,1163,1163,20.73934378023588,19.868585795561312,38.72999561212367,0.0,47.956312885434244,46.20904985222204,75.7484029053006,0.0,0.07902277956540607,0.06633211192962944,0.14684716197557982
S5,DCT,equal_byte,4,4,PPG,1163,1163,1163,17.048807013792274,15.560489758572857,30.082690914033027,0.0,17.082240070081983,15.56069638279033,30.10709779395866,0.0,15.013997869912744,13.394906231026924,27.142967342284585
S5,DCT,equal_byte,4,4,ACCx,1163,1163,1163,18.33986385441604,16.995594414782932,33.84514811053442,0.0,55.6773875745062,55.12572624743986,78.46012960585803,0.0,0.09557635653840635,0.08056469009668057,0.17621814121255258
S5,DCT,equal_byte,4,4,ACCy,1163,1163,1163,25.999488386564092,18.333082650797973,56.791805574295395,0.0,62.37943031773453,59.360404467441974,100.00000000000183,0.0,0.10507454056957592,0.09339111595616098,0.1967194903575964
S5,DCT,equal_byte,4,4,ACCz,1163,1163,1163,25.263008904641424,24.223559103249155,47.344126545840716,0.0,57.42773901478568,56.548454972584935,88.06062192638625,0.0,0.09550686527402413,0.08111932780187582,0.17722595322506474
S6,AE,equal_dim,4,4,PPG,656,656,656,21.230051141429513,20.460094341379648,30.28930877943752,0.0,21.252761213493535,20.49924223299397,30.292427902714863,0.0,15.042564617399762,12.865663769120292,26.768122952002443
S6,AE,equal_byte,4,4,PPG,656,656,656,21.230051141429513,20.460094341379648,30.28930877943752,0.0,21.252761213493535,20.49924223299397,30.292427902714863,0.0,15.042564617399762,12.865663769120292,26.768122952002443
S6,AE,equal_dim,4,4,ACCx,656,656,656,23.28699464030974,21.410345087187693,48.03524789183808,0.0,123.644027203627,63.89598102595325,143.56509109402808,0.0,0.13370263218865105,0.10461886472940862,0.2736776703873701
S6,AE,equal_byte,4,4,ACCx,656,656,656,23.28699464030974,21.410345087187693,48.03524789183808,0.0,123.644027203627,63.89598102595325,143.56509109402808,0.0,0.13370263218865105,0.10461886472940862,0.2736776703873701
S6,AE,equal_dim,4,4,ACCy,656,656,656,26.584429329927367,22.326737082874303,48.6188827553352,0.0,471.9904231278447,80.31176915341435,256.7713434292989,0.0,0.14812343291499394,0.12879959238371402,0.27540566507621306
S6,AE,equal_byte,4,4,ACCy,656,656,656,26.584429329927367,22.326737082874303,48.6188827553352,0.0,471.9904231278447,80.31176915341435,256.7713434292989,0.0,0.14812343291499394,0.12879959238371402,0.27540566507621306
S6,AE,equal_dim,4,4,ACCz,656,656,656,32.3897332511177,28.94511021711134,60.06776635417754,0.0,213.21264553404257,65.18602125212902,105.07828461652312,0.0,0.1238087349601827,0.09994209460579795,0.25423424961256147
S6,AE,equal_byte,4,4,ACCz,656,656,656,32.3897332511177,28.94511021711134,60.06776635417754,0.0,213.21264553404257,65.18602125212902,105.07828461652312,0.0,0.1238087349601827,0.09994209460579795,0.25423424961256147
S6,DCT,equal_dim,4,4,PPG,656,656,656,15.965390489136375,13.799292905928182,29.54481424128624,0.0,15.982876524480954,13.803581689644592,29.5815191704137,0.0,11.658730525539848,9.611153120752135,23.892125332423596
S6,DCT,equal_dim,4,4,ACCx,656,656,656,13.425551806004716,12.63076322319225,26.724708953360743,0.0,41.585289894074485,38.4030438216371,66.59168750898652,0.0,0.07961830090982464,0.06340125488381715,0.16984855265297347
S6,DCT,equal_dim,4,4,ACCy,656,656,656,18.03972821977526,13.769952105523583,39.71354034995218,0.0,56.94646599357997,55.340316215569715,91.39217460550145,0.0,0.10532617491424351,0.08727371754771407,0.21847406470192698
S6,DCT,equal_dim,4,4,ACCz,656,656,656,21.023754590100005,19.50457887748474,38.83817442906304,0.0,46.682077565239844,42.70324226874797,81.33784386383682,0.0,0.08552424298545898,0.06801760534233216,0.17982523563167996
S6,DCT,equal_byte,4,4,PPG,656,656,656,21.143313674040158,18.875361352535965,39.660780804839874,0.0,21.166746676238322,18.876298993353622,39.66836069738764,0.0,15.450093152970167,12.846823007877681,30.921225431679606
S6,DCT,equal_byte,4,4,ACCx,656,656,656,17.060767078017722,16.568662091372808,33.89074788458559,0.0,52.28147786240598,49.21751687317587,88.00896274968738,0.0,0.10084491857154505,0.07988303282054529,0.2175751420955893
S6,DCT,equal_byte,4,4,ACCy,656,656,656,21.02148221455757,16.15480587975901,44.432994721808946,0.0,65.07663640162538,64.40107494804761,100.0,0.0,0.12385387170836158,0.10704265759102272,0.2441925315833665
S6,DCT,equal_byte,4,4,ACCz,656,656,656,25.404045223906607,23.457937789765158,47.29834075934424,0.0,55.36659217841736,51.91147559099669,91.71447763189981,0.0,0.10221307733931832,0.08158742833330669,0.2091160841276502
S4,AE,equal_dim,2,2,PPG,1143,1143,1143,51.83492317949652,49.04675151697526,71.5677713394572,0.0,51.886879138705766,49.0524529278817,71.85121880812814,0.0,25.23039274527729,22.322462035677898,47.34408670475298
S4,AE,equal_byte,2,2,PPG,1143,1143,1143,51.83492317949652,49.04675151697526,71.5677713394572,0.0,51.886879138705766,49.0524529278817,71.85121880812814,0.0,25.23039274527729,22.322462035677898,47.34408670475298
S4,AE,equal_dim,2,2,ACCx,1143,1143,1143,25.001721763358415,22.036472600638326,50.52666349088524,0.0,126.04298920355518,75.17324738852021,163.68448208205214,0.0,0.13241801093388725,0.10235091114082039,0.27124122875888923
S4,AE,equal_byte,2,2,ACCx,1143,1143,1143,25.001721763358415,22.036472600638326,50.52666349088524,0.0,126.04298920355518,75.17324738852021,163.68448208205214,0.0,0.13241801093388725,0.10235091114082039,0.27124122875888923
S4,AE,equal_dim,2,2,ACCy,1143,1143,1143,27.27428079512477,22.644255875982726,52.26286190655991,0.0,243.3869229686525,92.84754109278967,348.3778241333072,0.0,0.14581116022025425,0.10990532346874834,0.30027961844406087
S4,AE,equal_byte,2,2,ACCy,1143,1143,1143,27.27428079512477,22.644255875982726,52.26286190655991,0.0,243.3869229686525,92.84754109278967,348.3778241333072,0.0,0.14581116022025425,0.10990532346874834,0.30027961844406087
S4,AE,equal_dim,2,2,ACCz,1143,1143,1143,32.60550560422756,27.93102750721505,65.17779687949606,0.0,135.60294179518422,79.31782062650854,200.31388180706048,0.0,0.12514923118454102,0.10061225188144537,0.2461339227474913
S4,AE,equal_byte,2,2,ACCz,1143,1143,1143,32.60550560422756,27.93102750721505,65.17779687949606,0.0,135.60294179518422,79.31782062650854,200.31388180706048,0.0,0.12514923118454102,0.10061225188144537,0.2461339227474913
S4,DCT,equal_dim,2,2,PPG,1143,1143,1143,30.316403637269516,28.221177893474202,54.3387815262023,0.0,30.344340944592087,28.246054358491353,54.62722252954312,0.0,16.003542082701617,14.06725174121151,33.31956526247256
S4,DCT,equal_dim,2,2,ACCx,1143,1143,1143,16.949974546331973,15.459921886695529,34.53827886142515,0.0,53.925403139607376,52.125712632528035,80.16778523100477,0.0,0.09098795742064003,0.07447397013982682,0.18614677960541812
S4,DCT,equal_dim,2,2,ACCy,1143,1143,1143,19.41353800968815,15.271933753873371,41.77095954434905,0.0,67.84429979892278,66.43306095344317,100.00000000009544,0.0,0.10657872319056585,0.0850631125746266,0.2182494573093841
S4,DCT,equal_dim,2,2,ACCz,1143,1143,1143,22.42061110327654,18.783514153395412,48.6581220081863,0.0,57.57932156414697,55.74137724570056,91.28553786358214,0.0,0.09226732350969963,0.07383522543120641,0.18906451236564345
S4,DCT,equal_byte,2,2,PPG,1143,1143,1143,38.894835668647644,37.09098550361655,62.854410140371684,0.0,38.93101549113567,37.12732359570539,62.88203768458313,0.0,20.4191604220924,17.986701969555714,41.29277074518828
S4,DCT,equal_byte,2,2,ACCx,1143,1143,1143,19.735096952337937,18.02813678207095,38.57824455794884,0.0,61.933365261240205,60.8569140082794,91.50814785286993,0.0,0.10592975563826208,0.08747482791926084,0.22100188189200315
S4,DCT,equal_byte,2,2,ACCy,1143,1143,1143,21.658325805060098,17.338348467946282,46.69961027725343,0.0,74.15924737540384,76.6750608203602,100.0000000001512,0.0,0.11973214844043485,0.09750275262032576,0.252325116719389
S4,DCT,equal_byte,2,2,ACCz,1143,1143,1143,25.75472788099685,21.970101110676367,54.73589776158123,0.0,64.720932907114,64.64852088013984,98.81574532554185,0.0,0.10554489103221924,0.08635609614347153,0.21811205927942506
S5,AE,equal_dim,2,2,PPG,1163,1163,1163,47.21544857261101,45.175401112189064,62.43593785653196,0.0,47.30490806437143,45.22336146820536,62.48627004891727,0.0,41.78269203193089,38.5293378429222,65.59151221876688
S5,AE,equal_byte,2,2,PPG,1163,1163,1163,47.21544857261101,45.175401112189064,62.43593785653196,0.0,47.30490806437143,45.22336146820536,62.48627004891727,0.0,41.78269203193089,38.5293378429222,65.59151221876688
S5,AE,equal_dim,2,2,ACCx,1163,1163,1163,30.025719869609585,26.647347065421005,54.19346526189062,0.0,110.06603785785593,89.9197024294299,141.9358375955197,0.0,0.15259638472633932,0.13290769910991318,0.26837417350737697
S5,AE,equal_byte,2,2,ACCx,1163,1163,1163,30.025719869609585,26.647347065421005,54.19346526189062,0.0,110.06603785785593,89.9197024294299,141.9358375955197,0.0,0.15259638472633932,0.13290769910991318,0.26837417350737697
S5,AE,equal_dim,2,2,ACCy,1163,1163,1163,56.415081016145784,35.310683559390846,96.42451166008841,0.0,179.3811609566976,101.87312220276898,366.1610980126784,0.0,0.17341806100036988,0.15973454147844005,0.30771517375959373
S5,AE,equal_byte,2,2,ACCy,1163,1163,1163,56.415081016145784,35.310683559390846,96.42451166008841,0.0,179.3811609566976,101.87312220276898,366.1610980126784,0.0,0.17341806100036988,0.15973454147844005,0.30771517375959373
S5,AE,equal_dim,2,2,ACCz,1163,1163,1163,40.7944027377951,36.78926269436663,70.033294244911,0.0,103.74273384819097,87.96082791497287,140.2886669165478,0.0,0.13960437749084506,0.12235927299219033,0.25268294233317173
S5,AE,equal_byte,2,2,ACCz,1163,1163,1163,40.7944027377951,36.78926269436663,70.033294244911,0.0,103.74273384819097,87.96082791497287,140.2886669165478,0.0,0.13960437749084506,0.12235927299219033,0.25268294233317173
S5,DCT,equal_dim,2,2,PPG,1163,1163,1163,21.15733727465727,19.452367046931105,35.47494330283539,0.0,21.198554285653007,19.460082755575712,35.48501296217935,0.0,18.61342661610735,16.64279120262031,32.57394650017593
S5,DCT,equal_dim,2,2,ACCx,1163,1163,1163,20.846591253155236,19.354416697977225,38.663496110439624,0.0,62.54254238470755,62.31272000372742,86.97822899741169,0.0,0.10846609912278884,0.09218389157778718,0.19990328488969805
S5,DCT,equal_dim,2,2,ACCy,1163,1163,1163,28.224973091446376,20.04955585172915,60.96439600397893,0.0,67.30199990996161,66.23739126439334,100.00000000000827,0.0,0.11441073057836053,0.10375059390708605,0.21184574038079168
S5,DCT,equal_dim,2,2,ACCz,1163,1163,1163,28.14522898528927,27.247488006414017,53.468689533091144,0.0,63.32411107917013,63.26126533755624,95.80619739138342,0.0,0.10609898487523116,0.09163180063301686,0.199576811106538
S5,DCT,equal_byte,2,2,PPG,1163,1163,1163,28.875665502615572,26.873070935025623,44.43623789940049,0.0,28.93171580677142,26.901210872249138,44.78641418139121,0.0,25.534812528216268,23.332754897740223,42.77712407075751
S5,DCT,equal_byte,2,2,ACCx,1163,1163,1163,24.148445383180523,22.541714761320264,45.301792111277194,0.0,71.49001246805358,72.6744465356412,100.0,0.0,0.12528854485931215,0.10726110315620495,0.23132377051343572
S5,DCT,equal_byte,2,2,ACCy,1163,1163,1163,31.249517859372745,23.52626666674234,66.8326864429071,0.0,74.01510625507441,76.52437175799382,100.00000000001309,0.0,0.12808069941775907,0.11800649950130748,0.24222619149004607
S5,DCT,equal_byte,2,2,ACCz,1163,1163,1163,32.28234999620816,31.01026779304482,61.70595373683993,0.0,71.47043953761904,73.03689601716702,100.0000000000022,0.0,0.12170737120601834,0.1043192289809923,0.22737989390565744
S6,AE,equal_dim,2,2,PPG,656,656,656,46.05062683981493,43.0744997069929,64.57598758394866,0.0,46.10193811959046,43.1594911249704,64.61143902326907,0.0,32.87308321532241,29.058865491841775,56.16561773010961
S6,AE,equal_byte,2,2,PPG,656,656,656,46.05062683981493,43.0744997069929,64.57598758394866,0.0,46.10193811959046,43.1594911249704,64.61143902326907,0.0,32.87308321532241,29.058865491841775,56.16561773010961
S6,AE,equal_dim,2,2,ACCx,656,656,656,29.59779041664799,28.53191457760198,56.53712388293439,0.0,218.4155074290316,83.5800862170015,258.20749934455216,0.0,0.17061477590248525,0.14142861819157082,0.3398643528740001
S6,AE,equal_byte,2,2,ACCx,656,656,656,29.59779041664799,28.53191457760198,56.53712388293439,0.0,218.4155074290316,83.5800862170015,258.20749934455216,0.0,0.17061477590248525,0.14142861819157082,0.3398643528740001
S6,AE,equal_dim,2,2,ACCy,656,656,656,33.63791819208541,30.130870020186045,59.19363103193255,0.0,521.7512907915019,99.89463068444289,337.32716060845826,0.0,0.18491293904240863,0.1734901601422916,0.3363321944090627
S6,AE,equal_byte,2,2,ACCy,656,656,656,33.63791819208541,30.130870020186045,59.19363103193255,0.0,521.7512907915019,99.89463068444289,337.32716060845826,0.0,0.18491293904240863,0.1734901601422916,0.3363321944090627
S6,AE,equal_dim,2,2,ACCz,656,656,656,39.209771826996246,34.75582102686175,71.32630804319558,0.0,267.53776215752816,79.33353796940904,125.37360526844176,0.0,0.1459857032586902,0.11878898452393083,0.28323065255560503
S6,AE,equal_byte,2,2,ACCz,656,656,656,39.209771826996246,34.75582102686175,71.32630804319558,0.0,267.53776215752816,79.33353796940904,125.37360526844176,0.0,0.1459857032586902,0.11878898452393083,0.28323065255560503
S6,DCT,equal_dim,2,2,PPG,656,656,656,25.2705657989004,22.978206231230466,46.06345091872991,0.0,25.29872060328481,22.9790730716279,46.08389127879406,0.0,18.475447433893024,15.832231875808247,36.49763535945094
S6,DCT,equal_dim,2,2,ACCx,656,656,656,19.53846997322645,19.135292702205554,37.767459583368726,0.0,58.58932649570007,56.884261311324906,95.84369594274668,0.0,0.11498452637749423,0.09172109789443178,0.24675626009804524
S6,DCT,equal_dim,2,2,ACCy,656,656,656,22.8703763588004,17.87984102760136,47.12010132116147,0.0,70.40005486174276,71.45930751236756,100.00000000000111,0.0,0.13534854771229554,0.11802198504154174,0.2695865691903085
S6,DCT,equal_dim,2,2,ACCz,656,656,656,28.28772869019634,25.76428398132046,53.07795525726321,0.0,60.75014476093239,57.616359408568,97.43185333328296,0.0,0.11313537041465593,0.08993329313701014,0.22985761423059342
S6,DCT,equal_byte,2,2,PPG,656,656,656,32.771758662538396,30.79352154775188,53.30783428614421,0.0,32.80884944552757,30.83443801267799,53.523147508261445,0.0,24.047747126863726,21.27067559893902,44.86665469651277
S6,DCT,equal_byte,2,2,ACCx,656,656,656,23.051518031537565,22.876610981596038,44.33322007673849,0.0,66.90504783406078,66.7286110474224,100.00000000000041,0.0,0.13501520134568562,0.10973776372754838,0.2910079575729022
S6,DCT,equal_byte,2,2,ACCy,656,656,656,25.506508601865423,20.826256199805016,52.09581588114513,0.0,83.30044509958074,80.07882824370537,100.00000000000469,0.0,0.1512104498108742,0.13182053083859951,0.2974570469880837
S6,DCT,equal_byte,2,2,ACCz,656,656,656,32.21990385516687,29.608915979760496,60.328254690603295,0.0,67.85999206565043,66.53919416174767,100.00000000000077,0.0,0.12753461020144052,0.10143272698078801,0.2616589411368052
S7,AE,equal_dim,16,16,PPG,1167,1167,1167,7.538023714726797,6.3117779073964595,11.20640945334579,0.0,7.544516858023749,6.314296279040304,11.223058531369997,0.0,3.8426364915536073,3.3068861469806325,6.050253028287425
S7,AE,equal_byte,16,16,PPG,1167,1167,1167,7.538023714726797,6.3117779073964595,11.20640945334579,0.0,7.544516858023749,6.314296279040304,11.223058531369997,0.0,3.8426364915536073,3.3068861469806325,6.050253028287425
S7,AE,equal_dim,16,16,ACCx,1167,1167,1167,3.936625985539734,2.8353699600517692,7.21853685443291,0.0,49.86824502248596,12.694496475247727,48.39744832282043,0.0,0.019440429813654472,0.014135284385571174,0.03331156480800447
S7,AE,equal_byte,16,16,ACCx,1167,1167,1167,3.936625985539734,2.8353699600517692,7.21853685443291,0.0,49.86824502248596,12.694496475247727,48.39744832282043,0.0,0.019440429813654472,0.014135284385571174,0.03331156480800447
S7,AE,equal_dim,16,16,ACCy,1167,1167,1167,11.154425206841404,8.084032197676027,22.3170762135943,0.0,362.5802749772609,40.422262223219555,128.15346539621768,0.0,0.060726749024495645,0.03483923718191561,0.11441611766086061
S7,AE,equal_byte,16,16,ACCy,1167,1167,1167,11.154425206841404,8.084032197676027,22.3170762135943,0.0,362.5802749772609,40.422262223219555,128.15346539621768,0.0,0.060726749024495645,0.03483923718191561,0.11441611766086061
S7,AE,equal_dim,16,16,ACCz,1167,1167,1167,10.990447144099758,7.655743743042634,23.99385802282601,0.0,68.19782170352781,22.68117159887329,76.65875552272371,0.0,0.03574955452739409,0.02307993934075715,0.06231515334937739
S7,AE,equal_byte,16,16,ACCz,1167,1167,1167,10.990447144099758,7.655743743042634,23.99385802282601,0.0,68.19782170352781,22.68117159887329,76.65875552272371,0.0,0.03574955452739409,0.02307993934075715,0.06231515334937739
S7,DCT,equal_dim,16,16,PPG,1167,1167,1167,3.077667340022346,1.9790811973743576,5.941750560536274,0.0,3.0804227061375906,1.9800795434063327,5.942436025053872,0.0,1.5738200922827872,1.0910459101705585,3.138393275238295
S7,DCT,equal_dim,16,16,ACCx,1167,1167,1167,1.6876337006127875,1.1736121799242496,3.165187115587,0.0,7.042258723939576,5.38818858121854,13.685140329979742,0.0,0.008672992323124868,0.00609399554343941,0.016827847938981934
S7,DCT,equal_dim,16,16,ACCy,1167,1167,1167,3.7303267773075652,2.3529315703226574,8.950701025791123,0.0,18.133226451939144,14.416409348135259,34.533401927865164,0.0,0.018716808612492163,0.012779813795871958,0.036258709690789225
S7,DCT,equal_dim,16,16,ACCz,1167,1167,1167,3.5461345479454023,2.4484698266020732,8.204176900997936,0.0,9.107840372545782,7.03023155155266,18.190775745515037,0.0,0.010940068949140907,0.00761957489200642,0.02132051695404717
S7,DCT,equal_byte,16,16,PPG,1167,1167,1167,5.492242523260817,3.851339986210452,10.982839650315235,0.0,5.497165024005554,3.851617212365383,10.988313323685547,0.0,2.8271171291356705,2.066955278135949,5.631225448008154
S7,DCT,equal_byte,16,16,ACCx,1167,1167,1167,3.6040903222736578,2.63947864321407,7.101336068466265,0.0,14.57813513723607,11.844187983949325,26.103196588381945,0.0,0.01855872435935355,0.013630110542699274,0.03583551800566742
S7,DCT,equal_byte,16,16,ACCy,1167,1167,1167,6.4442452776361465,4.060422620957105,15.408434666245398,0.0,29.491643647621522,24.119080392082278,57.850693720860775,0.0,0.033017729381905656,0.023218021646535216,0.06320356892022301
S7,DCT,equal_byte,16,16,ACCz,1167,1167,1167,7.174050854726981,5.238872289378337,15.998198324072195,0.0,18.019766880106832,14.912625114969142,34.02435573180697,0.0,0.022360772478068024,0.01597867533911705,0.04322615186357126
S8,AE,equal_dim,16,16,PPG,1010,1010,1010,11.054877847839897,8.462750007426449,18.882102258680746,0.0,11.070929336053354,8.473549314392532,18.8954605496,0.0,3.9918123580327967,3.0299655637861593,8.213488470277186
S8,AE,equal_byte,16,16,PPG,1010,1010,1010,11.054877847839897,8.462750007426449,18.882102258680746,0.0,11.070929336053354,8.473549314392532,18.8954605496,0.0,3.9918123580327967,3.0299655637861593,8.213488470277186
S8,AE,equal_dim,16,16,ACCx,1010,1010,1010,3.8199995433651304,2.7110557632701004,7.0124440936626975,0.0,35.28000960710401,13.999178214779588,52.04060606182512,0.0,0.020321109279551018,0.013793698813426977,0.03478729340584147
S8,AE,equal_byte,16,16,ACCx,1010,1010,1010,3.8199995433651304,2.7110557632701004,7.0124440936626975,0.0,35.28000960710401,13.999178214779588,52.04060606182512,0.0,0.020321109279551018,0.013793698813426977,0.03478729340584147
S8,AE,equal_dim,16,16,ACCy,1010,1010,1010,12.477260180925239,8.203517532619092,25.154520121723973,0.0,113.57379523506624,35.17974414419196,129.07166381695288,0.0,0.05994040342562566,0.037265271693889435,0.11259504129611511
S8,AE,equal_byte,16,16,ACCy,1010,1010,1010,12.477260180925239,8.203517532619092,25.154520121723973,0.0,113.57379523506624,35.17974414419196,129.07166381695288,0.0,0.05994040342562566,0.037265271693889435,0.11259504129611511
S8,AE,equal_dim,16,16,ACCz,1010,1010,1010,8.440705602041497,6.161450997088837,17.580929300011885,0.0,44.01569739314044,22.238174989619083,98.35858709818743,0.0,0.040025417041082686,0.023664321913242706,0.06667438240873125
S8,AE,equal_byte,16,16,ACCz,1010,1010,1010,8.440705602041497,6.161450997088837,17.580929300011885,0.0,44.01569739314044,22.238174989619083,98.35858709818743,0.0,0.040025417041082686,0.023664321913242706,0.06667438240873125
S8,DCT,equal_dim,16,16,PPG,1010,1010,1010,4.613184744354936,2.954442544007788,8.812961697180569,0.0,4.619507939574942,2.9580513316891226,8.836439016971866,0.0,1.6543569110716125,1.051293871697474,3.363619653776765
S8,DCT,equal_dim,16,16,ACCx,1010,1010,1010,1.57043724917056,1.2448609017367733,3.2385984556751457,0.0,7.333149930575865,6.047872490606871,12.85339274827317,0.0,0.008595469930174165,0.006015442548098096,0.016914656752055446
S8,DCT,equal_dim,16,16,ACCy,1010,1010,1010,4.383849176514451,2.3992216180109907,10.098573538114435,0.0,18.876616853468647,12.313041046859636,40.43853446446357,0.0,0.01852682436476155,0.011803611116628074,0.03753631601208845
S8,DCT,equal_dim,16,16,ACCz,1010,1010,1010,2.3833077176821327,1.86072533274058,5.0758944162790804,0.0,9.25328052014307,6.695662295198475,19.42608807306167,0.0,0.010710915657663488,0.007135886367145982,0.022665647491247935
S8,DCT,equal_byte,16,16,PPG,1010,1010,1010,8.137438755864622,5.467092776877636,15.588315462476196,0.0,8.14865245727399,5.471963255662271,15.609177715203408,0.0,2.9552577940256306,2.0260123076690117,6.427205037835044
S8,DCT,equal_byte,16,16,ACCx,1010,1010,1010,3.35003649441055,2.7666480346696876,6.911092218427956,0.0,15.319841501839262,13.182280493154543,25.538808153421968,0.0,0.01825093832763208,0.012980358625976518,0.0372350901077825
S8,DCT,equal_byte,16,16,ACCy,1010,1010,1010,7.423718605687706,4.079932943695535,17.53088040236722,0.0,30.244228541815765,20.08265902905638,66.50376102397138,0.0,0.03228588568836176,0.02179701985742353,0.06482847797735071
S8,DCT,equal_byte,16,16,ACCz,1010,1010,1010,4.90796342472372,3.8549133341027924,10.66092428230493,0.0,18.39283694032548,14.105023776701039,36.59134929566658,0.0,0.021845953028658056,0.01514725081597057,0.04469120442794067
S9,AE,equal_dim,16,16,PPG,1070,1070,1070,10.92890255384398,9.246461594177674,16.86561714382691,0.0,10.943427431413491,9.252867479551036,16.875003254043005,0.0,6.629594006484063,5.861123121865483,12.6476040987873
S9,AE,equal_byte,16,16,PPG,1070,1070,1070,10.92890255384398,9.246461594177674,16.86561714382691,0.0,10.943427431413491,9.252867479551036,16.875003254043005,0.0,6.629594006484063,5.861123121865483,12.6476040987873
S9,AE,equal_dim,16,16,ACCx,1070,1070,1070,4.375967515965501,3.712649568850683,8.325664117310103,0.0,42.24927395109076,13.200851132303484,55.304302529448975,0.0,0.024563758194242082,0.02022925026318521,0.046812322754151724
S9,AE,equal_byte,16,16,ACCx,1070,1070,1070,4.375967515965501,3.712649568850683,8.325664117310103,0.0,42.24927395109076,13.200851132303484,55.304302529448975,0.0,0.024563758194242082,0.02022925026318521,0.046812322754151724
S9,AE,equal_dim,16,16,ACCy,1070,1070,1070,12.922955853473043,10.009518921889342,25.358125663026254,0.0,295.11067194443524,38.084475352935605,153.08095218340503,0.0,0.06936376430414459,0.04904127012663308,0.138031011945774
S9,AE,equal_byte,16,16,ACCy,1070,1070,1070,12.922955853473043,10.009518921889342,25.358125663026254,0.0,295.11067194443524,38.084475352935605,153.08095218340503,0.0,0.06936376430414459,0.04904127012663308,0.138031011945774
S9,AE,equal_dim,16,16,ACCz,1070,1070,1070,9.773671462915965,8.061177579638816,19.419599729112345,0.0,98.57398454710518,23.211307603533733,98.83028353396689,0.0,0.044721514308706946,0.03604396783260773,0.0853940981876214
S9,AE,equal_byte,16,16,ACCz,1070,1070,1070,9.773671462915965,8.061177579638816,19.419599729112345,0.0,98.57398454710518,23.211307603533733,98.83028353396689,0.0,0.044721514308706946,0.03604396783260773,0.0853940981876214
S9,DCT,equal_dim,16,16,PPG,1070,1070,1070,4.650862931835113,2.69140800032885,8.013508278316703,0.0,4.656590657220278,2.6921888822066355,8.014138649048828,0.0,2.300027058797048,1.7550746526961056,4.937857752021096
S9,DCT,equal_dim,16,16,ACCx,1070,1070,1070,2.003263435936677,1.7050390476767208,3.9651248140079027,0.0,7.322639581525665,5.754793130885888,13.111292132113753,0.0,0.011624810841353205,0.009346530168629116,0.024992949414776946
S9,DCT,equal_dim,16,16,ACCy,1070,1070,1070,4.861972325516411,3.4830275328970224,11.00190029781182,0.0,20.617342218920346,15.557959841272567,40.84897648810552,0.0,0.02549870044490142,0.02021767422485598,0.05363847389909043
S9,DCT,equal_dim,16,16,ACCz,1070,1070,1070,3.146705939992959,2.5919657482025156,6.54009925219739,0.0,10.001679498642682,7.684421987330455,19.304659359175517,0.0,0.0149046697370958,0.011649653527146784,0.0317627524104825
S9,DCT,equal_byte,16,16,PPG,1070,1070,1070,7.995612175436313,5.128424644688721,15.138079731629048,0.0,8.005568996676006,5.142574525327065,15.138509425824468,0.0,4.16193757291009,3.4123403309029428,8.997951373490087
S9,DCT,equal_byte,16,16,ACCx,1070,1070,1070,4.309028144942989,3.7885294178713433,8.632004334737477,0.0,15.126035114246063,13.050593496463796,25.346273080677285,0.0,0.025008859228229218,0.02089973236262075,0.05309753279701913
S9,DCT,equal_byte,16,16,ACCy,1070,1070,1070,8.380059155410896,6.002899191012144,18.63091697376772,0.0,33.258948425473164,25.935832726990643,65.97922309351297,0.0,0.044448634818385756,0.03455781104619601,0.09359110112817716
S9,DCT,equal_byte,16,16,ACCz,1070,1070,1070,6.518301508343107,5.332431756642511,13.427012214834221,0.0,19.970403388024117,16.019290826142026,36.50159670506387,0.0,0.030668581884872047,0.024711600130798653,0.06581712788086484
S7,AE,equal_dim,8,8,PPG,1167,1167,1167,11.488106670305738,9.924649763921591,17.579379034063983,0.0,11.498198325525632,9.93890363292951,17.59124917859883,0.0,5.934266753526936,5.126403603356696,9.88723861093436
S7,AE,equal_byte,8,8,PPG,1167,1167,1167,11.488106670305738,9.924649763921591,17.579379034063983,0.0,11.498198325525632,9.93890363292951,17.59124917859883,0.0,5.934266753526936,5.126403603356696,9.88723861093436
S7,AE,equal_dim,8,8,ACCx,1167,1167,1167,10.02888166548882,6.920312082456367,19.477528893362805,0.0,78.1651889707835,31.633850781610935,88.73416738321652,0.0,0.05183057989660272,0.034996452510139615,0.09570401239877854
S7,AE,equal_byte,8,8,ACCx,1167,1167,1167,10.02888166548882,6.920312082456367,19.477528893362805,0.0,78.1651889707835,31.633850781610935,88.73416738321652,0.0,0.05183057989660272,0.034996452510139615,0.09570401239877854
S7,AE,equal_dim,8,8,ACCy,1167,1167,1167,15.180377795965185,11.643710381731903,30.492226484750585,0.0,647.1684759592787,57.00972016414019,175.76036151185627,0.0,0.07985572003664936,0.04666837907833679,0.15299640222897293
S7,AE,equal_byte,8,8,ACCy,1167,1167,1167,15.180377795965185,11.643710381731903,30.492226484750585,0.0,647.1684759592787,57.00972016414019,175.76036151185627,0.0,0.07985572003664936,0.04666837907833679,0.15299640222897293
S7,AE,equal_dim,8,8,ACCz,1167,1167,1167,16.846842969542106,11.754091594453197,38.48835506090784,0.0,71.63856423003006,35.78895325029411,90.69120785213157,0.0,0.053269761402221595,0.03686804216260961,0.10228161631015217
S7,AE,equal_byte,8,8,ACCz,1167,1167,1167,16.846842969542106,11.754091594453197,38.48835506090784,0.0,71.63856423003006,35.78895325029411,90.69120785213157,0.0,0.053269761402221595,0.03686804216260961,0.10228161631015217
S7,DCT,equal_dim,8,8,PPG,1167,1167,1167,7.536340263868469,5.521895576456651,14.943720548033456,0.0,7.543108445904726,5.522175983152879,14.964399607106161,0.0,3.9035085899567257,2.944095321872094,7.820504789744128
S7,DCT,equal_dim,8,8,ACCx,1167,1167,1167,5.182174136452273,3.8857046478181148,10.080866214612831,0.0,20.804778355342254,17.61624982240392,37.166082934775986,0.0,0.02670568330943341,0.01993171223072974,0.05109178116349014
S7,DCT,equal_dim,8,8,ACCy,1167,1167,1167,8.116461242271335,5.17006938396456,19.663964350028344,0.0,35.99113137766512,29.879601283416168,70.246815240176,0.0,0.042146139495220614,0.03033261818374204,0.08163476919096554
S7,DCT,equal_dim,8,8,ACCz,1167,1167,1167,10.012495996011964,7.195893608472432,22.24405696609224,0.0,24.617387807857572,21.151442093007176,45.241474911977825,0.0,0.0310772582610503,0.022898139085206645,0.060956295735103846
S7,DCT,equal_byte,8,8,PPG,1167,1167,1167,11.110033074758928,8.590808071091164,22.114819163448818,0.0,11.120227511579413,8.59097159223345,22.144497427877067,0.0,5.78088633190954,4.7113838361535345,11.726451651064881
S7,DCT,equal_byte,8,8,ACCx,1167,1167,1167,7.5987940152428335,5.846261047557427,14.966823980822381,0.0,30.08622160564641,26.516031435481086,52.355233624788696,0.0,0.039190783313771724,0.030215676172340243,0.07636958967937442
S7,DCT,equal_byte,8,8,ACCy,1167,1167,1167,10.316714383504173,6.893406555686629,23.643983544960815,0.0,43.927478200373784,38.72127057164942,81.45753148665192,0.0,0.05459143572338396,0.04117639377799953,0.10524771033475824
S7,DCT,equal_byte,8,8,ACCz,1167,1167,1167,14.097964401232945,10.128683282889629,31.970621864025233,0.0,33.93893333692045,30.256196736711686,60.602786822453496,0.0,0.043309090978749236,0.03239112746707433,0.08547095310916439
S8,AE,equal_dim,8,8,PPG,1010,1010,1010,15.756031651623605,13.16037109262058,25.423105898079577,0.0,15.778327396821748,13.174885836075099,25.440521798099063,0.0,6.008543782412784,4.738845161907963,11.906080929153873
S8,AE,equal_byte,8,8,PPG,1010,1010,1010,15.756031651623605,13.16037109262058,25.423105898079577,0.0,15.778327396821748,13.174885836075099,25.440521798099063,0.0,6.008543782412784,4.738845161907963,11.906080929153873
S8,AE,equal_dim,8,8,ACCx,1010,1010,1010,9.6622117815562,7.115648803635729,18.180796993805416,0.0,56.62664665539541,35.435316885092426,89.9373104806463,0.0,0.053236325188011094,0.03438071591961518,0.09841098447248117
S8,AE,equal_byte,8,8,ACCx,1010,1010,1010,9.6622117815562,7.115648803635729,18.180796993805416,0.0,56.62664665539541,35.435316885092426,89.9373104806463,0.0,0.053236325188011094,0.03438071591961518,0.09841098447248117
S8,AE,equal_dim,8,8,ACCy,1010,1010,1010,16.308608307790184,12.15076472641585,32.267504117285284,0.0,135.45578252585918,52.50075114684073,156.4418516888389,0.0,0.08124637302845328,0.04916786795432497,0.17047204726074203
S8,AE,equal_byte,8,8,ACCy,1010,1010,1010,16.308608307790184,12.15076472641585,32.267504117285284,0.0,135.45578252585918,52.50075114684073,156.4418516888389,0.0,0.08124637302845328,0.04916786795432497,0.17047204726074203
S8,AE,equal_dim,8,8,ACCz,1010,1010,1010,12.774332475730924,10.033448849654357,28.212865580363953,0.0,53.56813027282143,38.33644211981485,107.82461306428563,0.0,0.056807482168004735,0.04107708818652881,0.10449215358487769
S8,AE,equal_byte,8,8,ACCz,1010,1010,1010,12.774332475730924,10.033448849654357,28.212865580363953,0.0,53.56813027282143,38.33644211981485,107.82461306428563,0.0,0.056807482168004735,0.04107708818652881,0.10449215358487769
S8,DCT,equal_dim,8,8,PPG,1010,1010,1010,11.0772871156741,7.795026327911621,21.93365971780945,0.0,11.09259749595533,7.8012283783077585,21.98488252707889,0.0,4.054699628475811,2.9105550498246737,8.826747111717172
S8,DCT,equal_dim,8,8,ACCx,1010,1010,1010,4.816036938174642,4.098576587982172,10.1482788177689,0.0,21.778483012155604,19.003476679358577,35.41541775432804,0.0,0.026225616243025423,0.018666891486679667,0.05434203257665527
S8,DCT,equal_dim,8,8,ACCy,1010,1010,1010,9.245389886962824,5.1945174966864744,21.411096061211087,0.0,36.64770093897138,25.031199203315246,79.32737318136196,0.0,0.04103334706946982,0.0293790584409731,0.08161493301930821
S8,DCT,equal_dim,8,8,ACCz,1010,1010,1010,6.898067401542163,5.482356716033123,15.136042275070704,0.0,25.366190632686536,20.13692616596633,49.11025183850717,0.0,0.030503309676236007,0.021533072809953334,0.06250755973638919
S8,DCT,equal_byte,8,8,PPG,1010,1010,1010,15.854392063867063,12.042773147860593,31.968184401067116,0.0,15.876452012658952,12.085188560928376,31.99552393288288,0.0,5.915936868654619,4.631548712298102,13.005185306048807
S8,DCT,equal_byte,8,8,ACCx,1010,1010,1010,7.065877183660186,6.056485434583642,14.875598546780965,0.0,31.253737957323835,28.067762145134047,49.71852484589462,0.0,0.03826156560685049,0.02803662962443744,0.08144872220623693
S8,DCT,equal_byte,8,8,ACCy,1010,1010,1010,11.631578702574544,7.2780212369011785,26.562046431272424,0.0,44.67895357334087,33.254603746376056,92.27320154441462,0.0,0.05350768057661006,0.04021800128223274,0.10688487481889063
S8,DCT,equal_byte,8,8,ACCz,1010,1010,1010,9.822554503216868,7.796539663673736,21.819241817315433,0.0,35.1083939274049,29.421997265286528,65.1910464960147,0.0,0.04307802760779451,0.0313488375511672,0.0909030544445577
S9,AE,equal_dim,8,8,PPG,1070,1070,1070,16.922936845961807,14.868394102810967,26.617462632797242,0.0,16.944938609430874,14.878196852873277,26.6176388453063,0.0,10.903031016820776,9.272568268035744,21.972938820628457
S9,AE,equal_byte,8,8,PPG,1070,1070,1070,16.922936845961807,14.868394102810967,26.617462632797242,0.0,16.944938609430874,14.878196852873277,26.6176388453063,0.0,10.903031016820776,9.272568268035744,21.972938820628457
S9,AE,equal_dim,8,8,ACCx,1070,1070,1070,12.163901637664315,9.920344189265561,23.277559248957157,0.0,69.90927082199067,35.26499583215919,102.45791685283525,0.0,0.07002860112623244,0.05173085817245256,0.13967797050886996
S9,AE,equal_byte,8,8,ACCx,1070,1070,1070,12.163901637664315,9.920344189265561,23.277559248957157,0.0,69.90927082199067,35.26499583215919,102.45791685283525,0.0,0.07002860112623244,0.05173085817245256,0.13967797050886996
S9,AE,equal_dim,8,8,ACCy,1070,1070,1070,17.321917128486902,14.782966308619347,33.96528113608896,0.0,492.9451412832258,53.77808946162696,215.63154694073523,0.0,0.09347394516560624,0.06480903429451834,0.19124025014584925
S9,AE,equal_byte,8,8,ACCy,1070,1070,1070,17.321917128486902,14.782966308619347,33.96528113608896,0.0,492.9451412832258,53.77808946162696,215.63154694073523,0.0,0.09347394516560624,0.06480903429451834,0.19124025014584925
S9,AE,equal_dim,8,8,ACCz,1070,1070,1070,15.40279280627258,12.871189514306266,31.16523096902374,0.0,92.9176434091923,38.91691377267411,110.36560059611752,0.0,0.07069023169888967,0.05814782995986126,0.14576599566616963
S9,AE,equal_byte,8,8,ACCz,1070,1070,1070,15.40279280627258,12.871189514306266,31.16523096902374,0.0,92.9176434091923,38.91691377267411,110.36560059611752,0.0,0.07069023169888967,0.05814782995986126,0.14576599566616963
S9,DCT,equal_dim,8,8,PPG,1070,1070,1070,10.772656784553577,7.311687577991552,21.83783136308973,0.0,10.786135210989974,7.332662766579809,21.918814840240458,0.0,5.795621728627347,4.895569825263616,12.496777970377932
S9,DCT,equal_dim,8,8,ACCx,1070,1070,1070,6.301065659561165,5.61810469464584,12.614064480529454,0.0,21.689225379101742,19.21433644829635,34.84834621704824,0.0,0.036643812129146316,0.030845440970099784,0.077881377805777
S9,DCT,equal_dim,8,8,ACCy,1070,1070,1070,10.583846166291732,7.816253590141632,23.03614596796233,0.0,40.42920925838182,32.0772145810804,78.79772661938055,0.0,0.056746051245091994,0.04452537266927711,0.12116075799913048
S9,DCT,equal_dim,8,8,ACCz,1070,1070,1070,9.113897875450766,7.559504432013744,18.498845742969674,0.0,27.541337205073976,22.916838225601264,48.69823549232538,0.0,0.04271068136309259,0.035283490396230036,0.0907518778404621
S9,DCT,equal_byte,8,8,PPG,1070,1070,1070,15.431039519115101,11.147789098276835,31.16808581158474,0.0,15.450174489358632,11.148365263830312,31.27755331792785,0.0,8.701683697791468,7.507227372466948,18.50052818238984
S9,DCT,equal_byte,8,8,ACCx,1070,1070,1070,9.420620878333457,8.386095141947006,18.965425414214554,0.0,31.84992491034866,29.233719705981855,49.697196376633094,0.0,0.05483187798573344,0.046716730834802475,0.11828445883716905
S9,DCT,equal_byte,8,8,ACCy,1070,1070,1070,13.6263133801011,10.530676390282139,29.557715583192635,0.0,49.01892204481975,42.82138054457198,90.57093611521658,0.0,0.0742726695963096,0.058881224192497694,0.16114198720554973
S9,DCT,equal_byte,8,8,ACCz,1070,1070,1070,12.879180602027215,10.9485062037589,26.329092017785566,0.0,38.05054997482381,33.15942817377376,64.9603793174208,0.0,0.05993726229895994,0.05069177373849569,0.12703917443103543
S7,AE,equal_dim,4,4,PPG,1167,1167,1167,18.026475624604796,14.971089069531521,30.57735560591638,0.0,18.0424183120648,15.006472612787352,30.61915120683858,0.0,9.314509224777439,7.741494835315311,16.34406085516818
S7,AE,equal_byte,4,4,PPG,1167,1167,1167,18.026475624604796,14.971089069531521,30.57735560591638,0.0,18.0424183120648,15.006472612787352,30.61915120683858,0.0,9.314509224777439,7.741494835315311,16.34406085516818
S7,AE,equal_dim,4,4,ACCx,1167,1167,1167,14.974070978660128,11.695618969737998,28.763347173695088,0.0,126.6981770138239,52.89506332762722,128.53932558077557,0.0,0.0769343055913535,0.05744423889278526,0.15214669751895174
S7,AE,equal_byte,4,4,ACCx,1167,1167,1167,14.974070978660128,11.695618969737998,28.763347173695088,0.0,126.6981770138239,52.89506332762722,128.53932558077557,0.0,0.0769343055913535,0.05744423889278526,0.15214669751895174
S7,AE,equal_dim,4,4,ACCy,1167,1167,1167,20.110573887560577,14.474574724420497,39.4640109732405,0.0,850.0631521729885,77.0255624126058,250.2186957224761,0.0,0.10363648617438859,0.0665017050674811,0.20929520283873773
S7,AE,equal_byte,4,4,ACCy,1167,1167,1167,20.110573887560577,14.474574724420497,39.4640109732405,0.0,850.0631521729885,77.0255624126058,250.2186957224761,0.0,0.10363648617438859,0.0665017050674811,0.20929520283873773
S7,AE,equal_dim,4,4,ACCz,1167,1167,1167,26.395467079297035,17.827212491036747,59.92878690149471,0.0,123.92205406953698,58.0783031491126,120.37731785988157,0.0,0.07891373393884377,0.05995484300086369,0.155250905646829
S7,AE,equal_byte,4,4,ACCz,1167,1167,1167,26.395467079297035,17.827212491036747,59.92878690149471,0.0,123.92205406953698,58.0783031491126,120.37731785988157,0.0,0.07891373393884377,0.05995484300086369,0.155250905646829
S7,DCT,equal_dim,4,4,PPG,1167,1167,1167,14.033149316000992,11.018871119768225,27.524105905234745,0.0,14.046074169149843,11.026191767917172,27.524687714528856,0.0,7.341391109835656,6.061921378280828,15.149105715970109
S7,DCT,equal_dim,4,4,ACCx,1167,1167,1167,9.344342738283634,7.343825521928949,18.247071401625337,0.0,36.891289430117006,33.17670082740633,64.39826761869394,0.0,0.04815087369942133,0.03789815670160781,0.09557963276259031
S7,DCT,equal_dim,4,4,ACCy,1167,1167,1167,11.804039478940702,8.112360827780462,27.099981893816878,0.0,49.242674627285794,43.43770083128722,89.35814064990532,0.0,0.06319919994264175,0.04852902743480044,0.12639287160846896
S7,DCT,equal_dim,4,4,ACCz,1167,1167,1167,16.830835028716816,11.966450006700002,38.78691821953582,0.0,40.11468453838014,36.61605083262985,72.4796493721908,0.0,0.051423996093216656,0.03873712864763439,0.10171736962602078
S7,DCT,equal_byte,4,4,PPG,1167,1167,1167,19.290312424328402,16.1173644233127,37.368538896886506,0.0,19.308397268160245,16.1173684186403,37.41000049830812,0.0,10.191895751520297,8.679414928481458,20.69580255664811
S7,DCT,equal_byte,4,4,ACCx,1167,1167,1167,11.831206980883138,9.492905691115041,23.18721196182451,0.0,47.0821573785519,43.03500558887114,81.95010296685226,0.0,0.060873085458744335,0.048269075682988626,0.12323618108752363
S7,DCT,equal_byte,4,4,ACCy,1167,1167,1167,13.937591260407858,9.768996909406802,31.646784473307996,0.0,56.61760109793206,53.01015204329611,100.00000000000124,0.0,0.07541965315899307,0.05908531653182789,0.1579661898831828
S7,DCT,equal_byte,4,4,ACCz,1167,1167,1167,20.77744881125904,14.934296158749746,47.860556150860376,0.0,48.460589034567526,45.906322037603736,85.43318276755296,0.0,0.06287527913404892,0.048704217133322424,0.12654650356955197
S8,AE,equal_dim,4,4,PPG,1010,1010,1010,21.838741405843777,18.678245570411885,36.1817329252563,0.0,21.87043562729104,18.749439158867126,36.18508822963426,0.0,8.485678802000145,6.530003272630679,17.732616425965194
S8,AE,equal_byte,4,4,PPG,1010,1010,1010,21.838741405843777,18.678245570411885,36.1817329252563,0.0,21.87043562729104,18.749439158867126,36.18508822963426,0.0,8.485678802000145,6.530003272630679,17.732616425965194
S8,AE,equal_dim,4,4,ACCx,1010,1010,1010,14.797424600936287,11.617145487497123,29.293443038238614,0.0,90.3587938189206,58.6059615980916,130.35193538564013,0.0,0.07883645347519017,0.05955776119998954,0.15219389812953812
S8,AE,equal_byte,4,4,ACCx,1010,1010,1010,14.797424600936287,11.617145487497123,29.293443038238614,0.0,90.3587938189206,58.6059615980916,130.35193538564013,0.0,0.07883645347519017,0.05955776119998954,0.15219389812953812
S8,AE,equal_dim,4,4,ACCy,1010,1010,1010,23.054903754420632,20.379569145398392,45.13839185550857,0.0,263.1712090216872,85.21082386866087,283.34728333176287,0.0,0.12132026696238034,0.07780774129572145,0.2662703902657646
S8,AE,equal_byte,4,4,ACCy,1010,1010,1010,23.054903754420632,20.379569145398392,45.13839185550857,0.0,263.1712090216872,85.21082386866087,283.34728333176287,0.0,0.12132026696238034,0.07780774129572145,0.2662703902657646
S8,AE,equal_dim,4,4,ACCz,1010,1010,1010,20.381760166538598,15.835068091069664,43.792463987465105,0.0,81.5200589826229,68.09392473139809,142.76572254332643,0.0,0.087508488131126,0.07030128722230242,0.17509525244968208
S8,AE,equal_byte,4,4,ACCz,1010,1010,1010,20.381760166538598,15.835068091069664,43.792463987465105,0.0,81.5200589826229,68.09392473139809,142.76572254332643,0.0,0.087508488131126,0.07030128722230242,0.17509525244968208
S8,DCT,equal_dim,4,4,PPG,1010,1010,1010,19.72773004373029,16.098992098341355,40.23393301027332,0.0,19.75552233424289,16.1965840962693,40.31092109432838,0.0,7.491152324409694,6.063895906864376,16.41590624119946
S8,DCT,equal_dim,4,4,ACCx,1010,1010,1010,8.68317643235424,7.551913452156979,18.511665128912924,0.0,37.94433974631309,34.39985924269938,60.28372205203007,0.0,0.04682296173485392,0.034218187543046216,0.09975591591449272
S8,DCT,equal_dim,4,4,ACCy,1010,1010,1010,13.250802082728026,8.868495968717635,28.555001718766405,0.0,49.931959196351244,40.42988061527199,97.14999208072481,0.0,0.062207662751677766,0.04752837377452583,0.1266042899881364
S8,DCT,equal_dim,4,4,ACCz,1010,1010,1010,11.860624994523466,9.490180633919703,26.318338481745876,0.0,41.555548195345494,36.03886167019664,75.52690898981743,0.0,0.05172795301118544,0.03847960236193536,0.10998740496856955
S8,DCT,equal_byte,4,4,PPG,1010,1010,1010,26.386375484237497,23.187443476630655,51.84091756383088,0.0,26.423968309975685,23.22734932495844,51.85543121788529,0.0,10.286789462458179,8.780289674876865,22.185837017993443
S8,DCT,equal_byte,4,4,ACCx,1010,1010,1010,11.051405524918186,9.733885479955749,23.11762945909342,0.0,47.52879668132466,44.156593664897756,76.00876576635169,0.0,0.05917028532497675,0.043717734003737574,0.12597480444458983
S8,DCT,equal_byte,4,4,ACCy,1010,1010,1010,15.671800536324952,11.226114640362558,33.50066717384423,0.0,57.445789869886156,50.92092564232449,100.00000000000587,0.0,0.07506752522727837,0.05944824240347802,0.15593200493848666
S8,DCT,equal_byte,4,4,ACCz,1010,1010,1010,14.753178081180831,11.628139391619957,32.961498269196,0.0,50.15586710053875,46.13232756280375,87.77151498907462,0.0,0.06364064142816736,0.04874550350486906,0.13278281681895807
S9,AE,equal_dim,4,4,PPG,1070,1070,1070,25.161962654383412,21.7442755101717,40.77712225078987,0.0,25.194135222697668,21.79514532356472,40.812609509823105,0.0,16.56083071851319,13.57215910358913,33.66436902863078
S9,AE,equal_byte,4,4,PPG,1070,1070,1070,25.161962654383412,21.7442755101717,40.77712225078987,0.0,25.194135222697668,21.79514532356472,40.812609509823105,0.0,16.56083071851319,13.57215910358913,33.66436902863078
S9,AE,equal_dim,4,4,ACCx,1070,1070,1070,18.723979599539597,16.185013868543557,36.97998790146664,0.0,109.09804241537893,58.92253634709812,157.38200115224166,0.0,0.10793174086114296,0.08507033564448355,0.22767858078074543
S9,AE,equal_byte,4,4,ACCx,1070,1070,1070,18.723979599539597,16.185013868543557,36.97998790146664,0.0,109.09804241537893,58.92253634709812,157.38200115224166,0.0,0.10793174086114296,0.08507033564448355,0.22767858078074543
S9,AE,equal_dim,4,4,ACCy,1070,1070,1070,22.57610242037066,19.034015706779257,45.87911732892219,0.0,721.0447307803006,72.7434739388842,259.71359742726924,0.0,0.12497264835330814,0.08394849263839796,0.29328093508065467
S9,AE,equal_byte,4,4,ACCy,1070,1070,1070,22.57610242037066,19.034015706779257,45.87911732892219,0.0,721.0447307803006,72.7434739388842,259.71359742726924,0.0,0.12497264835330814,0.08394849263839796,0.29328093508065467
S9,AE,equal_dim,4,4,ACCz,1070,1070,1070,23.100838486790916,19.431638617180354,48.385171992684526,0.0,137.66890840497229,60.74979016365811,137.3569120296636,0.0,0.10661082088158456,0.08791127549780875,0.23439152157141957
S9,AE,equal_byte,4,4,ACCz,1070,1070,1070,23.100838486790916,19.431638617180354,48.385171992684526,0.0,137.66890840497229,60.74979016365811,137.3569120296636,0.0,0.10661082088158456,0.08791127549780875,0.23439152157141957
S9,DCT,equal_dim,4,4,PPG,1070,1070,1070,19.267912022875464,14.602200107929633,39.664697853038746,0.0,19.291697422391984,14.603814062481327,39.66609466710094,0.0,11.23486540898037,9.790485633322696,23.69589736152803
S9,DCT,equal_dim,4,4,ACCx,1070,1070,1070,11.684009911436215,10.721241986439722,23.475499760068338,0.0,39.23457893271488,36.824255494226065,61.902100336758394,0.0,0.06806832190858574,0.0577609323917159,0.14607560310515574
S9,DCT,equal_dim,4,4,ACCy,1070,1070,1070,15.68603300215272,12.561976787462847,34.07685912409522,0.0,54.51824489175965,49.918809382835875,100.00000000000004,0.0,0.08647207704512425,0.06760482628891369,0.19193277843600434
S9,DCT,equal_dim,4,4,ACCz,1070,1070,1070,15.437994447726812,12.944704332248602,32.22587033839191,0.0,45.01115513599833,39.977787316792174,75.54141341588793,0.0,0.07159277132136543,0.05983441536360443,0.15346852231018165
S9,DCT,equal_byte,4,4,PPG,1070,1070,1070,25.793294671382576,20.623847670396387,51.539155168570645,0.0,25.824884469654684,20.66124442104759,51.56727141146112,0.0,15.796374201591213,14.158174608862577,32.74598043309076
S9,DCT,equal_byte,4,4,ACCx,1070,1070,1070,14.947527791025552,13.878975990030614,29.73095850841164,0.0,49.708199502521936,47.263262313637796,78.29774435371841,0.0,0.08699588490966238,0.07451813553902817,0.18656191623447482
S9,DCT,equal_byte,4,4,ACCy,1070,1070,1070,18.519374078086678,15.461441865547197,39.719343015273665,0.0,62.12440519846944,60.41943618375862,100.00000000004233,0.0,0.10330170146314077,0.07893282701324839,0.2276418707243284
S9,DCT,equal_byte,4,4,ACCz,1070,1070,1070,19.107389433136472,16.08706936655812,39.30978686438096,0.0,54.03445538165501,50.170469196103895,86.10884009807985,0.0,0.08827870850418507,0.0746940885328341,0.1931522680121967
S7,AE,equal_dim,2,2,PPG,1167,1167,1167,46.361740320798276,42.76948126436421,68.2868916320394,0.0,46.40434296681225,42.78242641036687,68.29652438468013,0.0,24.64650405327428,22.6569467190675,40.31176572364822
S7,AE,equal_byte,2,2,PPG,1167,1167,1167,46.361740320798276,42.76948126436421,68.2868916320394,0.0,46.40434296681225,42.78242641036687,68.29652438468013,0.0,24.64650405327428,22.6569467190675,40.31176572364822
S7,AE,equal_dim,2,2,ACCx,1167,1167,1167,21.338412961664325,17.38584198942138,43.30348770036627,0.0,191.5311474779998,72.8652214328842,249.29155671323932,0.0,0.10504954329872558,0.08255532804080087,0.20776536608606286
S7,AE,equal_byte,2,2,ACCx,1167,1167,1167,21.338412961664325,17.38584198942138,43.30348770036627,0.0,191.5311474779998,72.8652214328842,249.29155671323932,0.0,0.10504954329872558,0.08255532804080087,0.20776536608606286
S7,AE,equal_dim,2,2,ACCy,1167,1167,1167,26.438781895608766,18.64430841506657,52.377664252176565,0.0,1329.303824275022,93.28227823382888,453.5799309956957,0.0,0.12798856725282834,0.0869102585623113,0.250786000544043
S7,AE,equal_byte,2,2,ACCy,1167,1167,1167,26.438781895608766,18.64430841506657,52.377664252176565,0.0,1329.303824275022,93.28227823382888,453.5799309956957,0.0,0.12798856725282834,0.0869102585623113,0.250786000544043
S7,AE,equal_dim,2,2,ACCz,1167,1167,1167,34.500099413924204,24.542725119009333,77.34766535282863,0.0,202.9797455378262,78.91700282717643,215.65305881585468,0.0,0.10128461818635728,0.08152679938934292,0.20000462244091036
S7,AE,equal_byte,2,2,ACCz,1167,1167,1167,34.500099413924204,24.542725119009333,77.34766535282863,0.0,202.9797455378262,78.91700282717643,215.65305881585468,0.0,0.10128461818635728,0.08152679938934292,0.20000462244091036
S7,DCT,equal_dim,2,2,PPG,1167,1167,1167,23.930226198498854,20.35238016477371,45.43217886036323,0.0,23.95257494424859,20.358191867842624,45.439965980224166,0.0,12.743690022794514,11.019423919861001,24.450358752631644
S7,DCT,equal_dim,2,2,ACCx,1167,1167,1167,13.470299933036102,10.899175301035413,26.866395706139752,0.0,52.628798860069246,49.17395511925391,91.3294309468535,0.0,0.06917651209338385,0.05474426902610416,0.14000951971575945
S7,DCT,equal_dim,2,2,ACCy,1167,1167,1167,15.460447184866382,10.851285559970862,35.48676947218477,0.0,61.77166929760494,59.80157551762629,100.00000000001214,0.0,0.08385118073596148,0.06567154927317838,0.1782572967304238
S7,DCT,equal_dim,2,2,ACCz,1167,1167,1167,23.48514818838562,16.532558184759576,53.81713458121348,0.0,53.812729527508516,51.84690910820675,91.54787518478535,0.0,0.07066583390006344,0.05518982821594123,0.14143743392842556
S7,DCT,equal_byte,2,2,PPG,1167,1167,1167,32.230822261299586,28.928802870682617,55.53711059810266,0.0,32.2612672526286,28.949828979720582,55.600773733545154,0.0,17.35229456416286,15.636944821309866,30.61880252175344
S7,DCT,equal_byte,2,2,ACCx,1167,1167,1167,15.747431186624445,12.826041245509016,31.72892330261992,0.0,59.808231255810774,58.02024873861272,100.00000000000598,0.0,0.08088137181584558,0.06443217019554225,0.16683632356361622
S7,DCT,equal_byte,2,2,ACCy,1167,1167,1167,17.821819562811537,12.542059960302796,39.94944118673089,0.0,69.94694014052631,71.17084085591428,100.00000000005866,0.0,0.09665601039792408,0.07683885406062296,0.20878762282414212
S7,DCT,equal_byte,2,2,ACCz,1167,1167,1167,27.413391467537057,19.46310624412983,63.03655638449676,0.0,61.64120410888477,60.734088468972345,100.00000000000307,0.0,0.08206590840226115,0.06500588784775566,0.16859343931717977
S8,AE,equal_dim,2,2,PPG,1010,1010,1010,60.19999018845409,52.32639434443243,89.88161881417858,0.0,60.29812221006425,52.42831187711652,89.94532257590912,0.0,21.721269059161592,19.269738622192627,39.348118657126726
S8,AE,equal_byte,2,2,PPG,1010,1010,1010,60.19999018845409,52.32639434443243,89.88161881417858,0.0,60.29812221006425,52.42831187711652,89.94532257590912,0.0,21.721269059161592,19.269738622192627,39.348118657126726
S8,AE,equal_dim,2,2,ACCx,1010,1010,1010,20.939263727992607,17.491792133445777,40.27998284165812,0.0,147.4962002182622,86.87663339830826,221.66079273082477,0.0,0.10784544396893726,0.08652498721660788,0.21730464401619023
S8,AE,equal_byte,2,2,ACCx,1010,1010,1010,20.939263727992607,17.491792133445777,40.27998284165812,0.0,147.4962002182622,86.87663339830826,221.66079273082477,0.0,0.10784544396893726,0.08652498721660788,0.21730464401619023
S8,AE,equal_dim,2,2,ACCy,1010,1010,1010,29.931783338366028,26.495670702266207,54.65169736815338,0.0,530.5426495507469,100.17655937373206,421.04741379692604,0.0,0.14462067939576756,0.10233080023038552,0.2996147231618158
S8,AE,equal_byte,2,2,ACCy,1010,1010,1010,29.931783338366028,26.495670702266207,54.65169736815338,0.0,530.5426495507469,100.17655937373206,421.04741379692604,0.0,0.14462067939576756,0.10233080023038552,0.2996147231618158
S8,AE,equal_dim,2,2,ACCz,1010,1010,1010,26.556868655258185,20.594498936096016,53.47777721432893,0.0,120.40693011213557,89.0688490683547,254.00781550078173,0.0,0.10953406634045254,0.08781332044291756,0.19992779073003922
S8,AE,equal_byte,2,2,ACCz,1010,1010,1010,26.556868655258185,20.594498936096016,53.47777721432893,0.0,120.40693011213557,89.0688490683547,254.00781550078173,0.0,0.10953406634045254,0.08781332044291756,0.19992779073003922
S8,DCT,equal_dim,2,2,PPG,1010,1010,1010,31.61195008972299,28.456927027032556,59.743566800250505,0.0,31.6573840961006,28.537144941278626,59.8798121440554,0.0,12.547124669244797,10.914229699301696,26.149089188812606
S8,DCT,equal_dim,2,2,ACCx,1010,1010,1010,12.654406024172856,11.37903087967014,25.960062190185937,0.0,53.718172091663924,51.07034710458476,86.33044048260858,0.0,0.06756935131847024,0.05103501468921123,0.1445345283678406
S8,DCT,equal_dim,2,2,ACCy,1010,1010,1010,17.376634619722502,12.828872128734595,37.679334568931445,0.0,62.758901835105036,59.10135812807668,100.00000000001894,0.0,0.08410133332216341,0.07042076333195366,0.1769037888181024
S8,DCT,equal_dim,2,2,ACCz,1010,1010,1010,16.729649315933848,13.223592767239968,36.85964616027734,0.0,55.779192036947,52.07706140978389,93.86727467529641,0.0,0.07186209670663536,0.05544209596963079,0.14776304448860614
S8,DCT,equal_byte,2,2,PPG,1010,1010,1010,40.79557439420863,37.93493698631101,72.23616293460627,0.0,40.855943667863485,37.937478007601854,72.37761226164741,0.0,16.511164646316423,14.447718468612901,33.38188216642911
S8,DCT,equal_byte,2,2,ACCx,1010,1010,1010,14.946084854195863,13.414678427298245,30.068917411271354,0.0,61.936325898795864,61.12505100503466,96.46613094133703,0.0,0.07951415460271444,0.06225508173733025,0.16773386606887486
S8,DCT,equal_byte,2,2,ACCy,1010,1010,1010,19.922076231659023,15.331412195629898,42.32321233369779,0.0,70.33889084057378,70.60288273758395,100.00000000005086,0.0,0.09733605474152604,0.08372333666150845,0.2070812458552908
S8,DCT,equal_byte,2,2,ACCz,1010,1010,1010,19.441315170764046,15.757990347899508,41.97752453181255,0.0,63.09577115812406,60.84971310215665,100.00000000001101,0.0,0.08311872414415519,0.06612738976176871,0.1731427382827063
S9,AE,equal_dim,2,2,PPG,1070,1070,1070,54.24834985441909,49.54685882082216,81.10221655898484,0.0,54.32523004509419,49.57796019357703,81.17141665714692,0.0,35.155212943451765,29.94185460030525,67.78011344545014
S9,AE,equal_byte,2,2,PPG,1070,1070,1070,54.24834985441909,49.54685882082216,81.10221655898484,0.0,54.32523004509419,49.57796019357703,81.17141665714692,0.0,35.155212943451765,29.94185460030525,67.78011344545014
S9,AE,equal_dim,2,2,ACCx,1070,1070,1070,25.8966270419915,23.813524141655783,50.626644139075715,0.0,170.16266542154534,80.35786983844254,233.0864404339698,0.0,0.1464774869550095,0.12061980375492656,0.30511458099787936
S9,AE,equal_byte,2,2,ACCx,1070,1070,1070,25.8966270419915,23.813524141655783,50.626644139075715,0.0,170.16266542154534,80.35786983844254,233.0864404339698,0.0,0.1464774869550095,0.12061980375492656,0.30511458099787936
S9,AE,equal_dim,2,2,ACCy,1070,1070,1070,29.73066709184447,25.4440223549393,54.63461870626785,0.0,594.912203035135,93.60412389833495,458.64635138706575,0.0,0.15979356929795918,0.12547204149652158,0.344958200705964
S9,AE,equal_byte,2,2,ACCy,1070,1070,1070,29.73066709184447,25.4440223549393,54.63461870626785,0.0,594.912203035135,93.60412389833495,458.64635138706575,0.0,0.15979356929795918,0.12547204149652158,0.344958200705964
S9,AE,equal_dim,2,2,ACCz,1070,1070,1070,29.759537965501888,26.229406889121854,60.24658773993786,0.0,194.55061878223853,77.15455612802162,215.14965522024642,0.0,0.1326100147372147,0.11287948788862073,0.27884170221039334
S9,AE,equal_byte,2,2,ACCz,1070,1070,1070,29.759537965501888,26.229406889121854,60.24658773993786,0.0,194.55061878223853,77.15455612802162,215.14965522024642,0.0,0.1326100147372147,0.11287948788862073,0.27884170221039334
S9,DCT,equal_dim,2,2,PPG,1070,1070,1070,31.073346267786363,25.434171305826485,60.191883781560186,0.0,31.11111602705094,25.457421362699233,60.263463752578055,0.0,19.710487387059857,17.626714049562953,40.38764865451688
S9,DCT,equal_dim,2,2,ACCx,1070,1070,1070,17.158659925720613,16.154979600134396,34.26048662225847,0.0,56.73614784403414,55.01366221990775,89.26905236221472,0.0,0.09980639383728612,0.08601769830169631,0.21200131172131395
S9,DCT,equal_dim,2,2,ACCy,1070,1070,1070,20.381594680443435,17.13397572533357,44.67624534863879,0.0,66.90574658179109,66.63406900191663,100.00000000010935,0.0,0.11422541581504599,0.08768622540105442,0.2597919843332998
S9,DCT,equal_dim,2,2,ACCz,1070,1070,1070,21.56804994250518,18.458360446227395,44.61320153575799,0.0,59.859931223830046,56.933540147795775,93.93854870134888,0.0,0.09941263709569602,0.08471398056016768,0.21474058538503604
S9,DCT,equal_byte,2,2,PPG,1070,1070,1070,40.42494801505345,35.05943334935209,71.78702787285803,0.0,40.47442308882181,35.070788492089235,71.78744212833585,0.0,26.778274861813813,24.086579551885272,53.83194304961421
S9,DCT,equal_byte,2,2,ACCx,1070,1070,1070,20.278393884639314,19.343474876992502,40.76167954137488,0.0,65.48782864858474,65.40730304978906,100.00000000000131,0.0,0.11776937619682183,0.10242016582083843,0.2497044102355204
S9,DCT,equal_byte,2,2,ACCy,1070,1070,1070,22.955366536593353,19.626255692925717,48.965639111847,0.0,73.27850850813871,78.40105418682967,100.00000000020154,0.0,0.12954501112115913,0.10292399327292194,0.29654649522527593
S9,DCT,equal_byte,2,2,ACCz,1070,1070,1070,24.993538782082112,21.557013188876738,52.47131007425448,0.0,67.58232183339898,66.05025046226058,100.00000000000347,0.0,0.11498616346356967,0.09935142924081586,0.2517578115559881
S10,AE,equal_dim,16,16,PPG,1331,1331,1331,7.7255947955295845,6.483338880760138,13.865900606886056,0.0,7.734515391632983,6.483977261030765,13.867063351919235,0.0,3.7502687251694025,2.7574037222686223,7.945839832855869
S10,AE,equal_byte,16,16,PPG,1331,1331,1331,7.7255947955295845,6.483338880760138,13.865900606886056,0.0,7.734515391632983,6.483977261030765,13.867063351919235,0.0,3.7502687251694025,2.7574037222686223,7.945839832855869
S10,AE,equal_dim,16,16,ACCx,1331,1331,1331,3.9872885560439415,2.6935049676987837,8.081731790187579,0.0,28.68343375622473,13.207273585842403,58.07051823393259,0.0,0.021512535280316453,0.015923466565490055,0.04353658651108804
S10,AE,equal_byte,16,16,ACCx,1331,1331,1331,3.9872885560439415,2.6935049676987837,8.081731790187579,0.0,28.68343375622473,13.207273585842403,58.07051823393259,0.0,0.021512535280316453,0.015923466565490055,0.04353658651108804
S10,AE,equal_dim,16,16,ACCy,1331,1331,1331,16.386914777762602,13.432065997151177,33.420334811972296,0.0,293.6073844900882,38.26256149617432,126.66734172367342,0.0,0.060369161430696754,0.040307385824715054,0.12926519075910245
S10,AE,equal_byte,16,16,ACCy,1331,1331,1331,16.386914777762602,13.432065997151177,33.420334811972296,0.0,293.6073844900882,38.26256149617432,126.66734172367342,0.0,0.060369161430696754,0.040307385824715054,0.12926519075910245
S10,AE,equal_dim,16,16,ACCz,1331,1331,1331,12.378582691793103,9.46741316474513,27.35870672969254,0.0,36.25173501911457,24.815882010014644,69.9114148257369,0.0,0.04337942385095343,0.029858413520301063,0.09129577114775218
S10,AE,equal_byte,16,16,ACCz,1331,1331,1331,12.378582691793103,9.46741316474513,27.35870672969254,0.0,36.25173501911457,24.815882010014644,69.9114148257369,0.0,0.04337942385095343,0.029858413520301063,0.09129577114775218
S10,DCT,equal_dim,16,16,PPG,1331,1331,1331,3.600349109270686,2.5532305830382,7.368011764892242,0.0,3.6046863672997245,2.557791288935738,7.423961794816409,0.0,1.7118060164573665,1.1997825544476795,3.903480690730124
S10,DCT,equal_dim,16,16,ACCx,1331,1331,1331,1.8989248785712043,1.203045197463396,4.224565274913143,0.0,8.169782693212303,6.504912884873814,15.885288100659018,0.0,0.010601743023497714,0.007446733034523432,0.023283452128767264
S10,DCT,equal_dim,16,16,ACCy,1331,1331,1331,6.549571331226449,5.372193929971131,13.078573127250683,0.0,22.252172718640225,15.079158594541852,49.79246278139366,0.0,0.023414296987818353,0.016706278432746708,0.051277291630920215
S10,DCT,equal_dim,16,16,ACCz,1331,1331,1331,3.7102676710847584,2.9495273531173076,8.201247178952974,0.0,8.641224583540396,7.539109361564248,15.127271184386323,0.0,0.012895272654480682,0.00910936591770349,0.028572378986797677
S10,DCT,equal_byte,16,16,PPG,1331,1331,1331,6.573738706089423,4.873600606070496,13.735531921186315,0.0,6.5816138330838605,4.876775872802987,13.80681970479026,0.0,3.133766548078391,2.22481291874414,7.329391849629066
S10,DCT,equal_byte,16,16,ACCx,1331,1331,1331,4.080361377586001,2.7599594812690613,8.84523076772946,0.0,17.053313383130472,14.693508609107663,31.059411021894313,0.0,0.023068873288550732,0.016488860789752566,0.052672481471635814
S10,DCT,equal_byte,16,16,ACCy,1331,1331,1331,10.99796781058883,8.906491353535545,22.695545068058983,0.0,34.99868975138138,26.137249579817063,77.23991862577483,0.0,0.040393429334065166,0.02857869985615023,0.08788953735719475
S10,DCT,equal_byte,16,16,ACCz,1331,1331,1331,7.7858331621537324,6.369119154113282,16.942642994478092,0.0,17.624054577042354,16.18577106348131,30.05825393081581,0.0,0.026858597599813697,0.01978932056722903,0.0603171760644468
S11,AE,equal_dim,16,16,PPG,1131,1131,1131,6.663213027880211,6.078981205144352,10.140527427238156,0.0,6.6698590017346016,6.079821858893727,10.143639197151227,0.0,4.744986117763479,3.857036106497364,8.753047142761346
S11,AE,equal_byte,16,16,PPG,1131,1131,1131,6.663213027880211,6.078981205144352,10.140527427238156,0.0,6.6698590017346016,6.079821858893727,10.143639197151227,0.0,4.744986117763479,3.857036106497364,8.753047142761346
S11,AE,equal_dim,16,16,ACCx,1131,1131,1131,6.538816166069877,4.661033246545965,11.320023898821741,0.0,235.39568944640487,14.152779100570015,87.9648440647799,0.0,0.024957584329132892,0.019036104163851684,0.04976631347947938
S11,AE,equal_byte,16,16,ACCx,1131,1131,1131,6.538816166069877,4.661033246545965,11.320023898821741,0.0,235.39568944640487,14.152779100570015,87.9648440647799,0.0,0.024957584329132892,0.019036104163851684,0.04976631347947938
S11,AE,equal_dim,16,16,ACCy,1131,1130,1130,15.161744136746456,10.297124008656255,29.455518181754027,0.0008841732979664014,454.19515744846046,44.04629869916681,174.96381392226382,0.0008841732979664014,0.06862417721479325,0.05230578620968839,0.12999035363309802
S11,AE,equal_byte,16,16,ACCy,1131,1130,1130,15.161744136746456,10.297124008656255,29.455518181754027,0.0008841732979664014,454.19515744846046,44.04629869916681,174.96381392226382,0.0008841732979664014,0.06862417721479325,0.05230578620968839,0.12999035363309802
S11,AE,equal_dim,16,16,ACCz,1131,1131,1131,12.074586523732727,10.604764299001648,24.25465805236352,0.0,53.42187611571108,26.441424265623585,111.48367955476243,0.0,0.04873213146025183,0.031786573729219655,0.10651904900459268
S11,AE,equal_byte,16,16,ACCz,1131,1131,1131,12.074586523732727,10.604764299001648,24.25465805236352,0.0,53.42187611571108,26.441424265623585,111.48367955476243,0.0,0.04873213146025183,0.031786573729219655,0.10651904900459268
S11,DCT,equal_dim,16,16,PPG,1131,1131,1131,2.496714065375869,2.113568002161659,4.852780909578366,0.0,2.4993075844888377,2.1158800443052947,4.85287150347707,0.0,1.9216849795792577,1.51688846443636,4.203293154836955
S11,DCT,equal_dim,16,16,ACCx,1131,1131,1131,2.317719505625408,2.0156846649320235,4.3932458485757016,0.0,9.202222323384088,6.711379063217116,15.885912418291353,0.0,0.01216972002449418,0.00978161466116566,0.025760464717297493
S11,DCT,equal_dim,16,16,ACCy,1131,1130,1130,5.974597043865989,3.728371463407268,13.830825604072418,0.0008841732979664014,25.04412623064594,17.84484045891263,51.60658517575242,0.0008841732979664014,0.02774629735516817,0.021212278819070486,0.061562817229587584
S11,DCT,equal_dim,16,16,ACCz,1131,1131,1131,4.024909414621762,3.441077717376942,8.695016796255826,0.0,10.244000948896115,9.340455555533909,17.91719499014774,0.0,0.015222614964851465,0.012517142288338532,0.03235220790863148
S11,DCT,equal_byte,16,16,PPG,1131,1131,1131,4.55529955231784,3.9623339354502867,9.2818303318725,0.0,4.560029158223279,3.962334128278716,9.310833161030347,0.0,3.490648197144549,2.843777626765082,7.604478137347937
S11,DCT,equal_byte,16,16,ACCx,1131,1131,1131,4.984846374566235,4.52884459296497,9.442637600917775,0.0,18.69220906208401,15.18003460015045,31.37834552414977,0.0,0.02624529325752956,0.021509531408195236,0.05565357765448308
S11,DCT,equal_byte,16,16,ACCy,1131,1130,1130,9.942902424265446,6.398749449896592,23.301125650736566,0.0008841732979664014,38.73889096273751,29.83603663361048,80.63687212292285,0.0008841732979664014,0.04767054482419591,0.03818545380759358,0.1029619186200324
S11,DCT,equal_byte,16,16,ACCz,1131,1131,1131,8.253857222779954,7.100416467620682,17.53150381355442,0.0,20.6468835386958,19.077732865439586,34.78989292907164,0.0,0.031237407845129288,0.02495934041011774,0.06727277578696515
S12,AE,equal_dim,16,16,PPG,989,989,989,4.562713188836775,4.175983919292499,6.973933024563526,0.0,4.56902346180543,4.18429369430906,6.979144606117434,0.0,5.288454357611154,4.625514924770616,9.870638653687813
S12,AE,equal_byte,16,16,PPG,989,989,989,4.562713188836775,4.175983919292499,6.973933024563526,0.0,4.56902346180543,4.18429369430906,6.979144606117434,0.0,5.288454357611154,4.625514924770616,9.870638653687813
S12,AE,equal_dim,16,16,ACCx,989,989,989,9.604463167556913,7.674877063981957,18.346197263125458,0.0,46.120582121769054,16.39749957662624,80.52879497102349,0.0,0.026195015642718863,0.020998208223442734,0.04898943762316384
S12,AE,equal_byte,16,16,ACCx,989,989,989,9.604463167556913,7.674877063981957,18.346197263125458,0.0,46.120582121769054,16.39749957662624,80.52879497102349,0.0,0.026195015642718863,0.020998208223442734,0.04898943762316384
S12,AE,equal_dim,16,16,ACCy,989,988,988,21.57254964333892,11.355292233069061,35.43485927794783,0.0010111223458038423,771.5870254496016,48.90590525173,172.26885565773685,0.0010111223458038423,0.07341532283925278,0.05931909061625888,0.1350817009852596
S12,AE,equal_byte,16,16,ACCy,989,988,988,21.57254964333892,11.355292233069061,35.43485927794783,0.0010111223458038423,771.5870254496016,48.90590525173,172.26885565773685,0.0010111223458038423,0.07341532283925278,0.05931909061625888,0.1350817009852596
S12,AE,equal_dim,16,16,ACCz,989,989,989,11.346853553594235,9.981043034185738,22.203610061079292,0.0,103.85296596339036,32.01622941039998,130.8815584048641,0.0,0.05365984886526243,0.03749969643834024,0.10590603733258122
S12,AE,equal_byte,16,16,ACCz,989,989,989,11.346853553594235,9.981043034185738,22.203610061079292,0.0,103.85296596339036,32.01622941039998,130.8815584048641,0.0,0.05365984886526243,0.03749969643834024,0.10590603733258122
S12,DCT,equal_dim,16,16,PPG,989,989,989,1.5188931337536271,1.1950768550054043,2.9244329787211663,0.0,1.5210974169845126,1.195077895631414,2.9281062152209523,0.0,1.9130957226708662,1.4728501022480143,4.08906120545367
S12,DCT,equal_dim,16,16,ACCx,989,989,989,3.8323766938655823,3.572413086014919,7.652832542403848,0.0,9.143702059874457,7.557054344157161,15.861888577422198,0.0,0.01279748950912638,0.010035592355549456,0.02574303402638752
S12,DCT,equal_dim,16,16,ACCy,989,988,988,7.3978186562869075,3.9263794570079664,15.827658828741585,0.0010111223458038423,27.22147918287056,20.119791985446277,55.16748703408067,0.0010111223458038423,0.028267925255789243,0.020718563029182603,0.06023331395817928
S12,DCT,equal_dim,16,16,ACCz,989,989,989,3.3259758602887275,2.9676455823583097,7.173903483113664,0.0,11.547180061002901,9.396412543490278,20.01296462591231,0.0,0.015445046409581518,0.012145315191282542,0.031191896150758004
S12,DCT,equal_byte,16,16,PPG,989,989,989,2.7650611082998267,2.1904898547921854,5.361999729000972,0.0,2.7690505591281798,2.1931492311602305,5.364823924972155,0.0,3.4772389767083753,2.7412076850377334,7.401285160634776
S12,DCT,equal_byte,16,16,ACCx,989,989,989,8.249493575144566,7.970122222255389,16.09703036066697,0.0,19.354075893983488,16.634340398177176,31.212952303001725,0.0,0.02782997983427239,0.022216536272858464,0.057503012528740946
S12,DCT,equal_byte,16,16,ACCy,989,988,988,11.623591129834342,6.793783939883514,25.47041134407433,0.0010111223458038423,42.075258951757675,32.93623958796737,87.97365943760344,0.0010111223458038423,0.048612333426431294,0.037305103062977636,0.10250639555170443
S12,DCT,equal_byte,16,16,ACCz,989,989,989,7.015967555849725,6.149294609278357,14.648635651379177,0.0,24.15104959205175,20.214066443973984,39.665400070883074,0.0,0.032446417090907495,0.02567322361318575,0.06836321278593088
S10,AE,equal_dim,8,8,PPG,1331,1331,1331,12.444270025245926,10.805290649921142,22.166376942684828,0.0,12.458568799308233,10.80842446295083,22.17397153324049,0.0,6.10705976576313,4.69290060588022,12.726009354635524
S10,AE,equal_byte,8,8,PPG,1331,1331,1331,12.444270025245926,10.805290649921142,22.166376942684828,0.0,12.458568799308233,10.80842446295083,22.17397153324049,0.0,6.10705976576313,4.69290060588022,12.726009354635524
S10,AE,equal_dim,8,8,ACCx,1331,1331,1331,11.058655654762212,7.586584581687133,23.770201114110094,0.0,59.87173819430575,40.08796278654727,101.36602116880147,0.0,0.06227150343623487,0.04849692399005722,0.13616970112479235
S10,AE,equal_byte,8,8,ACCx,1331,1331,1331,11.058655654762212,7.586584581687133,23.770201114110094,0.0,59.87173819430575,40.08796278654727,101.36602116880147,0.0,0.06227150343623487,0.04849692399005722,0.13616970112479235
S10,AE,equal_dim,8,8,ACCy,1331,1331,1331,21.713698612940682,18.758215887876307,43.84320782764895,0.0,381.58680859642794,55.19503354889896,150.65693660445248,0.0,0.080280832526898,0.056690457735161806,0.1742447021659233
S10,AE,equal_byte,8,8,ACCy,1331,1331,1331,21.713698612940682,18.758215887876307,43.84320782764895,0.0,381.58680859642794,55.19503354889896,150.65693660445248,0.0,0.080280832526898,0.056690457735161806,0.1742447021659233
S10,AE,equal_dim,8,8,ACCz,1331,1331,1331,19.696375966680286,15.41947480323105,43.685522118795575,0.0,50.79037326791302,40.378931944297605,88.02151807865383,0.0,0.0673937369500171,0.04783700142601578,0.14859100063479372
S10,AE,equal_byte,8,8,ACCz,1331,1331,1331,19.696375966680286,15.41947480323105,43.685522118795575,0.0,50.79037326791302,40.378931944297605,88.02151807865383,0.0,0.0673937369500171,0.04783700142601578,0.14859100063479372
S10,DCT,equal_dim,8,8,PPG,1331,1331,1331,9.022937941092698,6.836505164609778,19.587522626598382,0.0,9.033810467773899,6.8481603967494795,19.614985736279166,0.0,4.314317397179875,3.1939553469203337,9.937693760542597
S10,DCT,equal_dim,8,8,ACCx,1331,1331,1331,5.860401697993958,4.161384181651915,12.888440203884016,0.0,24.19853223535557,21.270458265472154,42.890503903937734,0.0,0.03340059346656067,0.0245881526953067,0.07658172538077983
S10,DCT,equal_dim,8,8,ACCy,1331,1331,1331,13.78046572503368,11.417978305811713,28.403768903143163,0.0,41.98157496721746,33.165798386938725,87.30509325275675,0.0,0.05149371514754348,0.03760700282744985,0.1136436364056867
S10,DCT,equal_dim,8,8,ACCz,1331,1331,1331,10.940283854296498,8.953732904406387,23.983617288345044,0.0,24.520647666686656,22.702248685871638,41.827237790323245,0.0,0.03760913355239118,0.027629795395871324,0.08609424082742304
S10,DCT,equal_byte,8,8,PPG,1331,1331,1331,13.166403757886282,10.525505670359559,28.740451884798702,0.0,13.182186202809504,10.56203692949987,28.76158989840596,0.0,6.365629723449914,4.965398129312366,14.354822887258038
S10,DCT,equal_byte,8,8,ACCx,1331,1331,1331,8.549922547799017,6.219616406600075,19.063951560574907,0.0,34.72523841016561,31.83787449930207,59.155523180984346,0.0,0.04905471027475102,0.0373247408912531,0.11194559450721919
S10,DCT,equal_byte,8,8,ACCy,1331,1331,1331,17.4637426080375,14.539620216289158,36.241608815346126,0.0,50.36861765544815,44.00922854546503,96.54619166076648,0.0,0.06641914678451474,0.0501845237534682,0.14620223848476455
S10,DCT,equal_byte,8,8,ACCz,1331,1331,1331,15.48428446853718,12.870726200590282,34.27616029250098,0.0,34.2043903253499,32.186463627737254,56.50698651278614,0.0,0.05304075211639959,0.03938537957668139,0.12162390930900367
S11,AE,equal_dim,8,8,PPG,1131,1131,1131,11.042095270585559,10.331205033246297,16.29031376676191,0.0,11.053060348260033,10.341353078000704,16.31967891417083,0.0,7.969948518213489,6.725869607001341,15.455200336842188
S11,AE,equal_byte,8,8,PPG,1131,1131,1131,11.042095270585559,10.331205033246297,16.29031376676191,0.0,11.053060348260033,10.341353078000704,16.31967891417083,0.0,7.969948518213489,6.725869607001341,15.455200336842188
S11,AE,equal_dim,8,8,ACCx,1131,1131,1131,15.425334147502877,12.51975401610176,27.218479406062386,0.0,290.28676193905915,40.42032910504212,130.76657331887893,0.0,0.07419335229458256,0.05623143076129458,0.15473597220323798
S11,AE,equal_byte,8,8,ACCx,1131,1131,1131,15.425334147502877,12.51975401610176,27.218479406062386,0.0,290.28676193905915,40.42032910504212,130.76657331887893,0.0,0.07419335229458256,0.05623143076129458,0.15473597220323798
S11,AE,equal_dim,8,8,ACCy,1131,1130,1130,19.053472864197847,13.893183964740363,36.33048653513458,0.0008841732979664014,514.0401720879191,57.80234615712601,189.50136883948127,0.0008841732979664014,0.0893751443653757,0.07217110176392842,0.18130656290818822
S11,AE,equal_byte,8,8,ACCy,1131,1130,1130,19.053472864197847,13.893183964740363,36.33048653513458,0.0008841732979664014,514.0401720879191,57.80234615712601,189.50136883948127,0.0008841732979664014,0.0893751443653757,0.07217110176392842,0.18130656290818822
S11,AE,equal_dim,8,8,ACCz,1131,1131,1131,19.017589783395103,16.405589186302002,39.36770382552965,0.0,80.30496549907049,43.655929729451735,158.00265786257611,0.0,0.07354993349894967,0.053463081625994155,0.1555646144309683
S11,AE,equal_byte,8,8,ACCz,1131,1131,1131,19.017589783395103,16.405589186302002,39.36770382552965,0.0,80.30496549907049,43.655929729451735,158.00265786257611,0.0,0.07354993349894967,0.053463081625994155,0.1555646144309683
S11,DCT,equal_dim,8,8,PPG,1131,1131,1131,6.310497797654855,5.612778104725053,12.346317655303574,0.0,6.317127005157384,5.624353882528287,12.352250800682395,0.0,4.836489670239244,4.051745205091507,10.325658189911652
S11,DCT,equal_dim,8,8,ACCx,1131,1131,1131,7.221128704472139,6.7605497096307445,13.933180844810519,0.0,26.321630181780353,22.181284486492064,43.669010152193124,0.0,0.03822437469296506,0.031758273421598926,0.08003914049708093
S11,DCT,equal_dim,8,8,ACCy,1131,1130,1130,12.256515309515871,8.24745292386898,28.676692589232424,0.0008841732979664014,46.14678470960973,37.19362281616247,92.06186788147404,0.0008841732979664014,0.06012643186391666,0.05033729524987632,0.12693723294635378
S11,DCT,equal_dim,8,8,ACCz,1131,1131,1131,11.515578530344918,10.162191417179818,24.12452695700891,0.0,28.645956672712988,26.68748170942676,47.591717516760056,0.0,0.04354235387223179,0.03487111754803009,0.09691770270507308
S11,DCT,equal_byte,8,8,PPG,1131,1131,1131,9.383393092538721,8.583846654836512,18.441411375988952,0.0,9.393304309056093,8.587330524870367,18.451877566984326,0.0,7.195070801401467,6.407785768917757,15.36187967368262
S11,DCT,equal_byte,8,8,ACCx,1131,1131,1131,10.643942118777227,10.20497681038551,20.87245808770119,0.0,37.75836051880469,33.49976759873206,62.0853261902725,0.0,0.05650751821777416,0.04840544334050898,0.1188011475708865
S11,DCT,equal_byte,8,8,ACCy,1131,1130,1130,15.14198880570756,10.85179538744353,34.7095394773898,0.0008841732979664014,54.49085842482237,46.88076888477738,100.0,0.0008841732979664014,0.07664339010615397,0.06698165259319994,0.15782552170735484
S11,DCT,equal_byte,8,8,ACCz,1131,1131,1131,16.227872926539938,14.356338758476191,33.86031355007173,0.0,39.950389695313646,38.60349264819067,66.26694941033524,0.0,0.061102215132889666,0.04888317104770754,0.1330766965788366
S12,AE,equal_dim,8,8,PPG,989,989,989,7.519480658931677,7.054604548124497,11.226605039745955,0.0,7.529934692553571,7.05835770203827,11.239874715822744,0.0,8.959408693610436,7.975095949374737,16.06507087566588
S12,AE,equal_byte,8,8,PPG,989,989,989,7.519480658931677,7.054604548124497,11.226605039745955,0.0,7.529934692553571,7.05835770203827,11.239874715822744,0.0,8.959408693610436,7.975095949374737,16.06507087566588
S12,AE,equal_dim,8,8,ACCx,989,989,989,22.333147704420135,19.328576863252913,44.03620880294921,0.0,80.28920586432274,42.13142461768859,131.18938432321767,0.0,0.07150987357576545,0.05254314168849723,0.14653487458782302
S12,AE,equal_byte,8,8,ACCx,989,989,989,22.333147704420135,19.328576863252913,44.03620880294921,0.0,80.28920586432274,42.13142461768859,131.18938432321767,0.0,0.07150987357576545,0.05254314168849723,0.14653487458782302
S12,AE,equal_dim,8,8,ACCy,989,988,988,25.708607036892715,14.310808615116635,41.11273148484108,0.0010111223458038423,924.140334780156,60.13897274005275,198.31356412534078,0.0010111223458038423,0.09089916408809873,0.07394733074897394,0.1728029789251558
S12,AE,equal_byte,8,8,ACCy,989,988,988,25.708607036892715,14.310808615116635,41.11273148484108,0.0010111223458038423,924.140334780156,60.13897274005275,198.31356412534078,0.0010111223458038423,0.09089916408809873,0.07394733074897394,0.1728029789251558
S12,AE,equal_dim,8,8,ACCz,989,989,989,17.77545387699768,16.90648379334368,36.78424383724059,0.0,115.1127120364046,51.361450558975086,157.6300817496872,0.0,0.0816900855629181,0.06507265952616118,0.1668764513892232
S12,AE,equal_byte,8,8,ACCz,989,989,989,17.77545387699768,16.90648379334368,36.78424383724059,0.0,115.1127120364046,51.361450558975086,157.6300817496872,0.0,0.0816900855629181,0.06507265952616118,0.1668764513892232
S12,DCT,equal_dim,8,8,PPG,989,989,989,3.850958977160334,3.164503031454549,7.4219915041295526,0.0,3.856472298896835,3.1669593611136246,7.422976346887691,0.0,4.837661374583966,3.9336375625913416,10.294505640457905
S12,DCT,equal_dim,8,8,ACCx,989,989,989,11.852140655839268,11.696682866349198,22.53962244612096,0.0,27.569847702494876,24.201042605859268,42.37504360598064,0.0,0.04020524766865251,0.03205523553038572,0.08391085547257128
S12,DCT,equal_dim,8,8,ACCy,989,988,988,14.046225981005879,8.616418730398502,30.947652779407917,0.0010111223458038423,50.353785178024886,42.24851560781027,99.99999999999999,0.0010111223458038423,0.061900018848399366,0.05121894502075412,0.12810990744907347
S12,DCT,equal_dim,8,8,ACCz,989,989,989,9.914688166950235,8.84544572160713,21.026964212684323,0.0,33.59344953721723,29.037251889642786,55.70502277303254,0.0,0.04563447474558874,0.036668188095283015,0.09646433743522656
S12,DCT,equal_byte,8,8,PPG,989,989,989,5.741151700284333,4.832614077675984,11.187258383706842,0.0,5.749383256004149,4.850445453141963,11.197491330632284,0.0,7.237614238311217,6.167012013262135,15.165950037492545
S12,DCT,equal_byte,8,8,ACCx,989,989,989,17.353400876107415,17.298753975749257,33.01786089945458,0.0,40.01563952873485,36.67917447187803,62.1050183835522,0.0,0.05893057823862809,0.04740943392300421,0.12345819425377372
S12,DCT,equal_byte,8,8,ACCy,989,988,988,17.036414349396658,11.343666232423463,36.969407602482,0.0010111223458038423,60.04568515309193,55.14061728674594,100.00000000000357,0.0010111223458038423,0.07968764749494742,0.07008016331200478,0.16291247112949564
S12,DCT,equal_byte,8,8,ACCz,989,989,989,14.185886762156166,13.053572557978896,29.531648645892044,0.0,46.61049261168979,41.7432980067469,74.62679758551793,0.0,0.06480717630151918,0.051892702401193085,0.13588251121527214
S10,AE,equal_dim,4,4,PPG,1331,1331,1331,19.792902874788812,17.388398243279372,34.29819105237486,0.0,19.816730411015488,17.398843320837287,34.31635269636664,0.0,9.631875613150747,7.490849662981293,19.81795275215383
S10,AE,equal_byte,4,4,PPG,1331,1331,1331,19.792902874788812,17.388398243279372,34.29819105237486,0.0,19.816730411015488,17.398843320837287,34.31635269636664,0.0,9.631875613150747,7.490849662981293,19.81795275215383
S10,AE,equal_dim,4,4,ACCx,1331,1331,1331,17.16334554852351,12.245060268226169,37.62985734519662,0.0,93.50001417858212,66.69494248808849,146.28950403703206,0.0,0.0988616362840015,0.08394006394469464,0.20788359914772198
S10,AE,equal_byte,4,4,ACCx,1331,1331,1331,17.16334554852351,12.245060268226169,37.62985734519662,0.0,93.50001417858212,66.69494248808849,146.28950403703206,0.0,0.0988616362840015,0.08394006394469464,0.20788359914772198
S10,AE,equal_dim,4,4,ACCy,1331,1331,1331,31.93482559987327,27.222002181751577,60.2650333802721,0.0,733.4788859448354,78.00032204730644,285.9661010602172,0.0,0.11286299220221598,0.08586001024615894,0.24427868662284663
S10,AE,equal_byte,4,4,ACCy,1331,1331,1331,31.93482559987327,27.222002181751577,60.2650333802721,0.0,733.4788859448354,78.00032204730644,285.9661010602172,0.0,0.11286299220221598,0.08586001024615894,0.24427868662284663
S10,AE,equal_dim,4,4,ACCz,1331,1331,1331,31.129718094787638,26.905164471568238,67.19887411178705,0.0,79.41665579877255,66.9266853108817,116.60955281997174,0.0,0.10342162176716573,0.08291788865568231,0.23021028424622408
S10,AE,equal_byte,4,4,ACCz,1331,1331,1331,31.129718094787638,26.905164471568238,67.19887411178705,0.0,79.41665579877255,66.9266853108817,116.60955281997174,0.0,0.10342162176716573,0.08291788865568231,0.23021028424622408
S10,DCT,equal_dim,4,4,PPG,1331,1331,1331,16.454526893786664,13.65759455638053,34.51441829339999,0.0,16.474282443330175,13.682907429733318,34.554831187126034,0.0,8.024483803550275,6.417402566762199,17.865023926218633
S10,DCT,equal_dim,4,4,ACCx,1331,1331,1331,10.43104902369689,7.798419127795164,23.166025306757305,0.0,42.01823920499634,38.92387512484269,70.92396879854171,0.0,0.06002328610683594,0.04686234036371798,0.13388971243194117
S10,DCT,equal_dim,4,4,ACCy,1331,1331,1331,19.990956352869667,16.84941173937898,41.31533867788056,0.0,55.729535935539225,50.8639355765469,100.00000000000198,0.0,0.07654246612644468,0.059421425335340304,0.1697538204582028
S10,DCT,equal_dim,4,4,ACCz,1331,1331,1331,18.63292948103626,15.367479831747694,41.276169021698664,0.0,40.74007099534603,38.810512198029436,65.93735386989161,0.0,0.06357348363417886,0.0486319671545445,0.14676701498403472
S10,DCT,equal_byte,4,4,PPG,1331,1331,1331,21.8813589144206,19.109081872824422,43.872313241768964,0.0,21.9075798292264,19.17830591403364,43.92772962346192,0.0,10.819486292111183,8.804306646348538,24.21484928367036
S10,DCT,equal_byte,4,4,ACCx,1331,1331,1331,13.070929518293879,9.965986637315023,28.59793416340515,0.0,51.993609523617074,49.30036875496823,83.78006060640178,0.0,0.07559570147770263,0.060568216410473705,0.1676112403311828
S10,DCT,equal_byte,4,4,ACCy,1331,1331,1331,23.52043628617486,19.896541244433507,48.75032946858101,0.0,62.96433673033568,61.613724378651646,100.00000000001732,0.0,0.09061423355987938,0.07262322526526666,0.2019823967790964
S10,DCT,equal_byte,4,4,ACCz,1331,1331,1331,23.111765972117464,19.230449689054367,51.22528469639379,0.0,49.90086383415385,48.64004257147619,78.20140931780037,0.0,0.0783988540504185,0.06045127012881933,0.17897997736164054
S11,AE,equal_dim,4,4,PPG,1131,1131,1131,18.052037555922734,16.862732516789734,26.56781015895208,0.0,18.07007643359704,16.871951690223195,26.623791570271493,0.0,13.080054657134411,11.025513554878819,25.611628939563825
S11,AE,equal_byte,4,4,PPG,1131,1131,1131,18.052037555922734,16.862732516789734,26.56781015895208,0.0,18.07007643359704,16.871951690223195,26.623791570271493,0.0,13.080054657134411,11.025513554878819,25.611628939563825
S11,AE,equal_dim,4,4,ACCx,1131,1131,1131,22.87723633588517,20.023739163871085,42.19902794722985,0.0,369.1026821393816,67.74994586878877,175.17432567208414,0.0,0.11294711463716525,0.09723207695116949,0.23005515140501312
S11,AE,equal_byte,4,4,ACCx,1131,1131,1131,22.87723633588517,20.023739163871085,42.19902794722985,0.0,369.1026821393816,67.74994586878877,175.17432567208414,0.0,0.11294711463716525,0.09723207695116949,0.23005515140501312
S11,AE,equal_dim,4,4,ACCy,1131,1130,1130,28.32901559525146,20.979078293123848,49.385181565101426,0.0008841732979664014,1025.0378985044692,81.97616304404742,361.33847056290966,0.0008841732979664014,0.12477929921257923,0.10264522013590598,0.2683429999803745
S11,AE,equal_byte,4,4,ACCy,1131,1130,1130,28.32901559525146,20.979078293123848,49.385181565101426,0.0008841732979664014,1025.0378985044692,81.97616304404742,361.33847056290966,0.0008841732979664014,0.12477929921257923,0.10264522013590598,0.2683429999803745
S11,AE,equal_dim,4,4,ACCz,1131,1131,1131,28.916526409884018,23.977264442957882,58.7233827215221,0.0,108.92382524558057,68.11553492412784,183.90150553114358,0.0,0.10803049100024875,0.0879791080396052,0.23346095576437256
S11,AE,equal_byte,4,4,ACCz,1131,1131,1131,28.916526409884018,23.977264442957882,58.7233827215221,0.0,108.92382524558057,68.11553492412784,183.90150553114358,0.0,0.10803049100024875,0.0879791080396052,0.23346095576437256
S11,DCT,equal_dim,4,4,PPG,1131,1131,1131,11.917894574447683,11.383374046137083,22.85770810128578,0.0,11.93036090218463,11.384860619969528,22.866253729020734,0.0,9.133457152724658,8.23269865100782,19.557071341768733
S11,DCT,equal_dim,4,4,ACCx,1131,1131,1131,13.08904785031217,12.76838438765948,25.522411850819687,0.0,46.02086388862034,41.61278416055385,77.84416168653568,0.0,0.0695105031297122,0.0608444320830475,0.1500474466025331
S11,DCT,equal_dim,4,4,ACCy,1131,1130,1130,17.01405425815957,12.764400689734531,39.2660607188211,0.0008841732979664014,59.58474231393852,53.83862679652924,100.00000000000104,0.0008841732979664014,0.08768799001072966,0.07817460693397983,0.1840279733893502
S11,DCT,equal_dim,4,4,ACCz,1131,1131,1131,19.424519979895408,17.120939749613772,41.01035201859648,0.0,47.67150808609926,46.1453562974464,79.1404438024634,0.0,0.07280074558774897,0.05969336603720871,0.15718802334752924
S11,DCT,equal_byte,4,4,PPG,1131,1131,1131,16.49275991222102,15.993499417853958,29.686105974923628,0.0,16.510215378764585,16.026589896251288,29.70180644214186,0.0,12.547650456092608,11.66600343784863,26.329623587246395
S11,DCT,equal_byte,4,4,ACCx,1131,1131,1131,16.553025331716672,16.31934402680306,31.78520362248736,0.0,56.71512680317176,53.11767207383862,95.82550418039985,0.0,0.08810458215484199,0.077984374898361,0.18565658377231273
S11,DCT,equal_byte,4,4,ACCy,1131,1130,1130,19.6503620492382,15.151586274949974,44.177916094734485,0.0008841732979664014,66.71683767321403,63.928652313865335,100.00000000011516,0.0008841732979664014,0.1027932885168569,0.09279532209682607,0.22651676861420555
S11,DCT,equal_byte,4,4,ACCz,1131,1131,1131,23.902577458919783,20.94777888585885,50.333840480818715,0.0,57.275487710027456,56.71469416532149,93.46629146265573,0.0,0.08896732058682037,0.07412428315939362,0.19222468863806558
S12,AE,equal_dim,4,4,PPG,989,989,989,12.468496106089408,11.562549987105923,18.203418682569627,0.0,12.486437091768535,11.585447003749092,18.222057493012954,0.0,14.971310234031916,13.610862767871879,27.660432005710827
S12,AE,equal_byte,4,4,PPG,989,989,989,12.468496106089408,11.562549987105923,18.203418682569627,0.0,12.486437091768535,11.585447003749092,18.222057493012954,0.0,14.971310234031916,13.610862767871879,27.660432005710827
S12,AE,equal_dim,4,4,ACCx,989,989,989,35.92197667657899,35.204667865255495,65.63419457519805,0.0,139.0199029865277,73.9216125071995,233.61617639643254,0.0,0.11155184370071079,0.09413615913036315,0.23253085855597197
S12,AE,equal_byte,4,4,ACCx,989,989,989,35.92197667657899,35.204667865255495,65.63419457519805,0.0,139.0199029865277,73.9216125071995,233.61617639643254,0.0,0.11155184370071079,0.09413615913036315,0.23253085855597197
S12,AE,equal_dim,4,4,ACCy,989,988,988,39.46042742966723,20.733298783131744,58.81155002851748,0.0010111223458038423,2054.7614995890285,87.976765181133,363.7008013077074,0.0010111223458038423,0.12665864485156242,0.1172326483632206,0.2518127898165399
S12,AE,equal_byte,4,4,ACCy,989,988,988,39.46042742966723,20.733298783131744,58.81155002851748,0.0010111223458038423,2054.7614995890285,87.976765181133,363.7008013077074,0.0010111223458038423,0.12665864485156242,0.1172326483632206,0.2518127898165399
S12,AE,equal_dim,4,4,ACCz,989,989,989,26.421612512053308,25.61377085445017,51.922040110641596,0.0,225.7240802052246,78.14273773544318,272.01981511572876,0.0,0.11976865927356144,0.1028248337153028,0.23681094668374125
S12,AE,equal_byte,4,4,ACCz,989,989,989,26.421612512053308,25.61377085445017,51.922040110641596,0.0,225.7240802052246,78.14273773544318,272.01981511572876,0.0,0.11976865927356144,0.1028248337153028,0.23681094668374125
S12,DCT,equal_dim,4,4,PPG,989,989,989,7.345917662757219,6.380417290381904,13.927116463331133,0.0,7.35672775734807,6.389189490645088,13.94873531088397,0.0,9.269159313192294,8.223969719613866,19.06518047527764
S12,DCT,equal_dim,4,4,ACCx,989,989,989,21.27230527877389,21.601590263740036,38.95486477418261,0.0,48.79570040703992,45.57191960893131,75.8004057081015,0.0,0.07222994250482904,0.058787011070336355,0.15043751685033468
S12,DCT,equal_dim,4,4,ACCy,989,988,988,18.866491674552506,13.332335351819646,41.15386459080839,0.0010111223458038423,65.79133465131709,64.07057327382284,100.00000000001552,0.0010111223458038423,0.09103932247836882,0.08344153427788803,0.18602297691588648
S12,DCT,equal_dim,4,4,ACCz,989,989,989,17.169514931942025,16.011415988078078,36.72620765275157,0.0,55.27237260278656,51.273383675904725,89.08381534607175,0.0,0.07794491262681584,0.06372223906863426,0.16240722581384046
S12,DCT,equal_byte,4,4,PPG,989,989,989,10.293848412184646,9.163373198772302,18.96869920929813,0.0,10.308869750296248,9.168104185856658,19.002881013693134,0.0,12.93942839602021,12.007872026038577,25.698694162659912
S12,DCT,equal_byte,4,4,ACCx,989,989,989,27.198120981214295,28.440121816121117,49.827234437460106,0.0,61.238195762252595,59.573037792571526,92.96044398941244,0.0,0.09179586134062115,0.07715796982630187,0.19016095859839904
S12,DCT,equal_byte,4,4,ACCy,989,988,988,21.364502397806298,15.450257387687444,44.59201099154711,0.0010111223458038423,73.43993770093486,75.36518966479758,100.00000000004306,0.0010111223458038423,0.10690180708937931,0.10046067258766044,0.2229897170303934
S12,DCT,equal_byte,4,4,ACCz,989,989,989,21.280611279358325,19.997666958384606,45.226134924148155,0.0,66.3824038255864,64.41119001152583,100.00000000003278,0.0,0.09596120206936183,0.08079866784630381,0.19779113498409273
S10,AE,equal_dim,2,2,PPG,1331,1331,1331,44.257179038159414,42.34331603094088,67.99112347871255,0.0,44.31155109429718,42.35208550916189,68.00642065739694,0.0,21.723306751226467,18.162544118507633,41.25281091141976
S10,AE,equal_byte,2,2,PPG,1331,1331,1331,44.257179038159414,42.34331603094088,67.99112347871255,0.0,44.31155109429718,42.35208550916189,68.00642065739694,0.0,21.723306751226467,18.162544118507633,41.25281091141976
S10,AE,equal_dim,2,2,ACCx,1331,1331,1331,22.27499230602186,19.05470911864627,45.758531698239196,0.0,135.1572493975736,92.31971693662754,216.13123758778582,0.0,0.1314806284587625,0.11507176178891503,0.2649100033043034
S10,AE,equal_byte,2,2,ACCx,1331,1331,1331,22.27499230602186,19.05470911864627,45.758531698239196,0.0,135.1572493975736,92.31971693662754,216.13123758778582,0.0,0.1314806284587625,0.11507176178891503,0.2649100033043034
S10,AE,equal_dim,2,2,ACCy,1331,1331,1331,48.364001139312734,36.822763014204334,95.99166477466208,0.0,1463.291851294082,96.10887026703675,573.5567966755076,0.0,0.13948230821626648,0.11088637188550104,0.28487152717260994
S10,AE,equal_byte,2,2,ACCy,1331,1331,1331,48.364001139312734,36.822763014204334,95.99166477466208,0.0,1463.291851294082,96.10887026703675,573.5567966755076,0.0,0.13948230821626648,0.11088637188550104,0.28487152717260994
S10,AE,equal_dim,2,2,ACCz,1331,1331,1331,38.53016886718219,34.81788360614272,78.64671067302655,0.0,118.38882173320718,82.67669789188666,222.68350337807306,0.0,0.12565333153913333,0.10086887901781624,0.2730594088460967
S10,AE,equal_byte,2,2,ACCz,1331,1331,1331,38.53016886718219,34.81788360614272,78.64671067302655,0.0,118.38882173320718,82.67669789188666,222.68350337807306,0.0,0.12565333153913333,0.10086887901781624,0.2730594088460967
S10,DCT,equal_dim,2,2,PPG,1331,1331,1331,26.278853904788857,24.04652824780586,50.76484979419143,0.0,26.310478701226007,24.071018487870287,50.87022343177077,0.0,13.13690125833005,10.817874019198186,28.462692377571297
S10,DCT,equal_dim,2,2,ACCx,1331,1331,1331,14.799374863059441,11.415267414460653,32.2065656360567,0.0,58.238154361325115,56.3735761757878,93.0617362164393,0.0,0.08576315867467084,0.0703432836951394,0.18848311660508205
S10,DCT,equal_dim,2,2,ACCy,1331,1331,1331,25.866389144025877,22.125687489584216,53.12316555441955,0.0,67.83568636955103,68.07832063077342,100.00000000003217,0.0,0.09999460608792365,0.08090605989287138,0.22270107230247146
S10,DCT,equal_dim,2,2,ACCz,1331,1331,1331,26.199849874030026,22.489311117685887,57.21548402690806,0.0,55.82413279654099,55.654978482113414,85.3682167288422,0.0,0.08856240822705255,0.06767941740441678,0.20289582508501441
S10,DCT,equal_byte,2,2,PPG,1331,1331,1331,33.93133943156907,32.19394081112523,60.287432340844674,0.0,33.97197541628869,32.22647878508857,60.48552542169485,0.0,17.193550779077476,14.174669137444381,36.64344830007319
S10,DCT,equal_byte,2,2,ACCx,1331,1331,1331,17.195074270301095,13.671356706459612,37.391549104936836,0.0,66.4307477832055,66.55268489136147,100.00000000001887,0.0,0.09985768476758103,0.08412021459145848,0.21577770282657835
S10,DCT,equal_byte,2,2,ACCy,1331,1331,1331,29.052565446214814,25.17052354730333,59.23353352731942,0.0,74.09315770776931,77.93275351228742,100.00000000003912,0.0,0.11305115758088653,0.09263021051045643,0.25351183420418655
S10,DCT,equal_byte,2,2,ACCz,1331,1331,1331,30.614788118720174,27.583134972560885,66.12302201428486,0.0,64.42506770010222,65.3443024517493,96.93280955326249,0.0,0.10321366516336083,0.08166723713410466,0.2315807380196301
S11,AE,equal_dim,2,2,PPG,1131,1131,1131,40.52462688645144,40.15623709333383,56.8475059396815,0.0,40.56691119984476,40.18586657226922,57.05615413924966,0.0,28.67329047407322,26.01712345600729,51.734727717236545
S11,AE,equal_byte,2,2,PPG,1131,1131,1131,40.52462688645144,40.15623709333383,56.8475059396815,0.0,40.56691119984476,40.18586657226922,57.05615413924966,0.0,28.67329047407322,26.01712345600729,51.734727717236545
S11,AE,equal_dim,2,2,ACCx,1131,1131,1131,32.531292608846286,27.51193792526731,54.79152404671509,0.0,755.5190499782392,86.57540376855255,317.07178244626346,0.0,0.14523819950488598,0.12656759919019972,0.3031615021833966
S11,AE,equal_byte,2,2,ACCx,1131,1131,1131,32.531292608846286,27.51193792526731,54.79152404671509,0.0,755.5190499782392,86.57540376855255,317.07178244626346,0.0,0.14523819950488598,0.12656759919019972,0.3031615021833966
S11,AE,equal_dim,2,2,ACCy,1131,1130,1130,46.085910960968526,27.065688804792863,84.99489774252591,0.0008841732979664014,3111.2000140939294,100.52251073289534,752.1591721298283,0.0008841732979664014,0.1578464233758204,0.1338749821386147,0.3228805522897618
S11,AE,equal_byte,2,2,ACCy,1131,1130,1130,46.085910960968526,27.065688804792863,84.99489774252591,0.0008841732979664014,3111.2000140939294,100.52251073289534,752.1591721298283,0.0008841732979664014,0.1578464233758204,0.1338749821386147,0.3228805522897618
S11,AE,equal_dim,2,2,ACCz,1131,1131,1131,38.05046472391484,32.28739233306457,78.51725531260925,0.0,189.1256279964994,89.61085509575199,407.3590948401812,0.0,0.13637708252910993,0.11700892208769874,0.2739057170012176
S11,AE,equal_byte,2,2,ACCz,1131,1131,1131,38.05046472391484,32.28739233306457,78.51725531260925,0.0,189.1256279964994,89.61085509575199,407.3590948401812,0.0,0.13637708252910993,0.11700892208769874,0.2739057170012176
S11,DCT,equal_dim,2,2,PPG,1131,1131,1131,20.607564155466633,19.854957753902738,34.581444146428666,0.0,20.629152998601814,19.856718035762096,34.60688562135357,0.0,15.516113440032676,14.123069852182494,31.64863740112526
S11,DCT,equal_dim,2,2,ACCx,1131,1131,1131,18.811843772339355,18.975888437245704,36.04730302133477,0.0,63.02357904157789,60.68966571521553,100.0000000000246,0.0,0.10043148592931579,0.09026322531179233,0.21183033900170004
S11,DCT,equal_dim,2,2,ACCy,1131,1130,1130,21.449203362455115,17.074317148790033,47.69861453162107,0.0008841732979664014,71.33139440605032,72.25139381389565,100.0000000002657,0.0008841732979664014,0.11291092531543481,0.10187373207086046,0.2556955415123127
S11,DCT,equal_dim,2,2,ACCz,1131,1131,1131,26.88347795105821,23.430508972818252,57.09074852370243,0.0,63.22093438205861,65.090974716874,100.0000000000066,0.0,0.0994568232174961,0.08470296143650836,0.21347996723910617
S11,DCT,equal_byte,2,2,PPG,1131,1131,1131,28.172388321587533,27.434139183104545,43.25735241461284,0.0,28.20133658877065,27.47223473462112,43.325799107660345,0.0,20.87940954487498,19.380728831581244,40.505377445586454
S11,DCT,equal_byte,2,2,ACCx,1131,1131,1131,21.857877998316095,21.869181063391313,42.86373404117451,0.0,71.32421544433717,71.37737346254418,100.00000000008286,0.0,0.11725924749432069,0.10653172187807368,0.24868257127440718
S11,DCT,equal_byte,2,2,ACCy,1131,1130,1130,24.038109563045317,19.601128562864808,51.45715499179368,0.0008841732979664014,130.80141563137155,82.76104128296402,100.00000000038864,0.0008841732979664014,0.12783089987009258,0.11589103134961883,0.28989906823581485
S11,DCT,equal_byte,2,2,ACCz,1131,1131,1131,30.981668400805063,27.414515417858983,65.5304783672407,0.0,70.9665865937066,74.90324337577468,100.00000000006165,0.0,0.11402498384664728,0.09962107743746432,0.24524927394709567
S12,AE,equal_dim,2,2,PPG,989,989,989,32.76719238345214,31.45307371904764,44.92581790868477,0.0,32.81623699600196,31.474420205213207,45.03922447491083,0.0,39.172210337648075,38.825989044420055,69.17698720393722
S12,AE,equal_byte,2,2,PPG,989,989,989,32.76719238345214,31.45307371904764,44.92581790868477,0.0,32.81623699600196,31.474420205213207,45.03922447491083,0.0,39.172210337648075,38.825989044420055,69.17698720393722
S12,AE,equal_dim,2,2,ACCx,989,989,989,54.064573674695694,50.28792845820712,89.32021754519049,0.0,204.3615115163054,102.10748792360678,365.2070968046968,0.0,0.15586603414039246,0.14466730148013518,0.29759062281879795
S12,AE,equal_byte,2,2,ACCx,989,989,989,54.064573674695694,50.28792845820712,89.32021754519049,0.0,204.3615115163054,102.10748792360678,365.2070968046968,0.0,0.15586603414039246,0.14466730148013518,0.29759062281879795
S12,AE,equal_dim,2,2,ACCy,989,988,988,99.88318059145936,29.97264694293074,123.39145503787218,0.0010111223458038423,4834.3996620296275,115.19672742897625,1099.376634308875,0.0010111223458038423,0.1802152617433243,0.17350701059397172,0.32425498059621877
S12,AE,equal_byte,2,2,ACCy,989,988,988,99.88318059145936,29.97264694293074,123.39145503787218,0.0010111223458038423,4834.3996620296275,115.19672742897625,1099.376634308875,0.0010111223458038423,0.1802152617433243,0.17350701059397172,0.32425498059621877
S12,AE,equal_dim,2,2,ACCz,989,989,989,35.73526964450358,33.710922537485416,71.41817204284786,0.0,298.03040292914955,103.60992979052162,407.8963757246979,0.0,0.15653669842828968,0.15063367443787665,0.2979689161143464
S12,AE,equal_byte,2,2,ACCz,989,989,989,35.73526964450358,33.710922537485416,71.41817204284786,0.0,298.03040292914955,103.60992979052162,407.8963757246979,0.0,0.15653669842828968,0.15063367443787665,0.2979689161143464
S12,DCT,equal_dim,2,2,PPG,989,989,989,13.143435202502948,11.816370274307397,22.633485296257586,0.0,13.162410661416363,11.822172708838986,22.652613966891426,0.0,16.340648018968594,15.612491276823498,30.628735737673253
S12,DCT,equal_dim,2,2,ACCx,989,989,989,31.254240171574384,32.57571076960902,57.32514556466513,0.0,68.92898434420131,69.19097940482565,100.00000000004735,0.0,0.1053794922047922,0.08963307151777036,0.2177421113622088
S12,DCT,equal_dim,2,2,ACCy,989,988,988,22.79306083730684,17.00894276995638,46.782367004501715,0.0010111223458038423,77.93228947483946,82.48050653551735,100.00000000005998,0.0010111223458038423,0.1167862588099214,0.11320019470782754,0.24534118000408436
S12,DCT,equal_dim,2,2,ACCz,989,989,989,23.94546540891719,22.68937871085074,50.45827914493517,0.0,72.85259467701486,72.9043163744529,100.00000000018062,0.0,0.10760280971156053,0.09161580247448212,0.22372904433779356
S12,DCT,equal_byte,2,2,PPG,989,989,989,19.26412883196912,17.621899878941385,30.674641920267565,0.0,19.291697604792763,17.625045072831202,30.713907045846998,0.0,23.54438809743146,23.271094050939197,42.01102463333207
S12,DCT,equal_byte,2,2,ACCx,989,989,989,36.66308973638311,38.555018207317694,67.74901693068222,0.0,78.56687786154228,81.91587347653685,100.00000000014158,0.0,0.12354062330432616,0.10641042444986254,0.25555838057247
S12,DCT,equal_byte,2,2,ACCy,989,988,988,24.99920896361582,19.45302512817763,51.15097052932891,0.0010111223458038423,84.3257194436134,100.0,100.00000000006389,0.0010111223458038423,0.13204258610077937,0.12612262949780584,0.2790178206658474
S12,DCT,equal_byte,2,2,ACCz,989,989,989,27.708761029469702,26.63481962259457,59.29969540925284,0.0,80.94184309623965,84.320653383119,100.00000000030526,0.0,0.12358972493633501,0.11029120326904394,0.25608194413287366
S13,AE,equal_dim,16,16,PPG,1142,1142,1142,6.523742481185415,5.8585898546068504,9.346697042485712,0.0,6.527835781630934,5.858683826028452,9.352297674383014,0.0,5.527469453465541,4.636438540348943,9.63888796830515
S13,AE,equal_byte,16,16,PPG,1142,1142,1142,6.523742481185415,5.8585898546068504,9.346697042485712,0.0,6.527835781630934,5.858683826028452,9.352297674383014,0.0,5.527469453465541,4.636438540348943,9.63888796830515
S13,AE,equal_dim,16,16,ACCx,1142,1142,1142,5.858853166291214,4.39919473387172,9.867817357481721,0.0,52.53591364583921,16.306537311273985,124.07974955334777,0.0,0.02919542526022515,0.022457579199758326,0.05258051889531707
S13,AE,equal_byte,16,16,ACCx,1142,1142,1142,5.858853166291214,4.39919473387172,9.867817357481721,0.0,52.53591364583921,16.306537311273985,124.07974955334777,0.0,0.02919542526022515,0.022457579199758326,0.05258051889531707
S13,AE,equal_dim,16,16,ACCy,1142,1142,1142,14.05269871862038,9.826422916651314,27.156452788877903,0.0,209.51731247607455,40.93563202116555,162.29264977341035,0.0,0.06195229488076213,0.045630709411710796,0.11017586265741874
S13,AE,equal_byte,16,16,ACCy,1142,1142,1142,14.05269871862038,9.826422916651314,27.156452788877903,0.0,209.51731247607455,40.93563202116555,162.29264977341035,0.0,0.06195229488076213,0.045630709411710796,0.11017586265741874
S13,AE,equal_dim,16,16,ACCz,1142,1142,1142,9.078924150663811,7.169096405115534,19.46482014415876,0.0,55.97957339815963,20.494509599678356,105.71740468863658,0.0,0.03899093966846337,0.026653801033014908,0.07396354420658313
S13,AE,equal_byte,16,16,ACCz,1142,1142,1142,9.078924150663811,7.169096405115534,19.46482014415876,0.0,55.97957339815963,20.494509599678356,105.71740468863658,0.0,0.03899093966846337,0.026653801033014908,0.07396354420658313
S13,DCT,equal_dim,16,16,PPG,1142,1142,1142,2.1820940988872968,1.733639602215485,4.149911051716022,0.0,2.183470961747121,1.7346827976778378,4.151232707652919,0.0,1.8891601628581927,1.4143743445937902,3.9158252641096265
S13,DCT,equal_dim,16,16,ACCx,1142,1142,1142,2.3182365925998276,1.7005321823564339,4.320570386388884,0.0,8.477756018533773,6.416542587255608,15.19782503072761,0.0,0.01153818472604129,0.008911747616609358,0.02362071754155284
S13,DCT,equal_dim,16,16,ACCy,1142,1142,1142,5.987456037214045,3.6930642548393986,13.154107246260716,0.0,23.30777037555512,16.394210072635587,46.8037165647759,0.0,0.0252213907990448,0.018623050735422222,0.05093854409853148
S13,DCT,equal_dim,16,16,ACCz,1142,1142,1142,3.4354181480723485,2.7574500250678566,7.490559423898393,0.0,10.548582197662096,8.623952947780435,18.75503936185957,0.0,0.013994876456527004,0.011015675488355555,0.02770888349949057
S13,DCT,equal_byte,16,16,PPG,1142,1142,1142,3.9465475369056,3.250146256604117,7.721330656200666,0.0,3.9490543697991316,3.250493109248707,7.721669497011958,0.0,3.4164105969731087,2.70477312682704,6.997383772182143
S13,DCT,equal_byte,16,16,ACCx,1142,1142,1142,4.943418397498344,3.8608636109880523,9.691601681967763,0.0,17.374148230182602,14.198158464763774,30.853256977350195,0.0,0.024893416291199354,0.020024180490750193,0.051649773544443306
S13,DCT,equal_byte,16,16,ACCy,1142,1142,1142,9.812490564475926,6.120221851879558,21.62988136361535,0.0,36.5585470094949,27.866498444503904,74.16261052079157,0.0,0.04271249217563525,0.032906524846902,0.08451484887744753
S13,DCT,equal_byte,16,16,ACCz,1142,1142,1142,7.1072409495821,5.875438326902579,15.034920135409662,0.0,20.72172478812631,17.850985174033653,36.669343862089775,0.0,0.028890854819738274,0.02316599104637141,0.06006281562193021
S14,AE,equal_dim,16,16,PPG,1119,1119,1119,5.05982324913772,4.331506938657604,7.7922669158978115,0.0,5.066052654950836,4.3373531662508045,7.796727301963983,0.0,5.063376248725703,4.243925001223905,9.39307830027885
S14,AE,equal_byte,16,16,PPG,1119,1119,1119,5.05982324913772,4.331506938657604,7.7922669158978115,0.0,5.066052654950836,4.3373531662508045,7.796727301963983,0.0,5.063376248725703,4.243925001223905,9.39307830027885
S14,AE,equal_dim,16,16,ACCx,1119,1119,1119,5.755322036492601,4.275190675028805,10.65947123555246,0.0,76.3023424480957,19.06031986443186,118.69990962468685,0.0,0.027316806919318388,0.018604082816323395,0.04800650791794213
S14,AE,equal_byte,16,16,ACCx,1119,1119,1119,5.755322036492601,4.275190675028805,10.65947123555246,0.0,76.3023424480957,19.06031986443186,118.69990962468685,0.0,0.027316806919318388,0.018604082816323395,0.04800650791794213
S14,AE,equal_dim,16,16,ACCy,1119,1119,1119,16.69401458408335,7.414221550939015,43.15524513502159,0.0,1366.5419059629376,36.47676728352274,154.3644346856148,0.0,0.056700827719028686,0.04139606837273605,0.10587202929714119
S14,AE,equal_byte,16,16,ACCy,1119,1119,1119,16.69401458408335,7.414221550939015,43.15524513502159,0.0,1366.5419059629376,36.47676728352274,154.3644346856148,0.0,0.056700827719028686,0.04139606837273605,0.10587202929714119
S14,AE,equal_dim,16,16,ACCz,1119,1119,1119,8.30881562275687,6.624120951031669,16.750462584480676,0.0,65.95068292516093,21.44942749728537,117.22489860813317,0.0,0.035348928209421815,0.017973529398393962,0.05837959876576185
S14,AE,equal_byte,16,16,ACCz,1119,1119,1119,8.30881562275687,6.624120951031669,16.750462584480676,0.0,65.95068292516093,21.44942749728537,117.22489860813317,0.0,0.035348928209421815,0.017973529398393962,0.05837959876576185
S14,DCT,equal_dim,16,16,PPG,1119,1119,1119,1.4677787244763194,1.0198011677803296,2.7034328899944144,0.0,1.4696411594736714,1.021010284514911,2.705592695696154,0.0,1.572681737234356,0.9780934690061858,2.880391844066598
S14,DCT,equal_dim,16,16,ACCx,1119,1119,1119,2.021471080857435,1.3744482056144602,3.9059784582094097,0.0,8.494274554125438,6.59679492172293,15.126410631512755,0.0,0.009583811307132187,0.006211080329239846,0.01806531201907424
S14,DCT,equal_dim,16,16,ACCy,1119,1119,1119,5.5581818726996755,2.3722059151219415,14.436876595961557,0.0,21.85008234410851,12.648308500711448,46.6264345262117,0.0,0.02090647860601856,0.012191378880488199,0.041112057295026004
S14,DCT,equal_dim,16,16,ACCz,1119,1119,1119,3.090379938593757,2.544774184171768,6.714593832157785,0.0,10.973457269600791,9.283131453425465,20.328035982926856,0.0,0.01159896856266243,0.007433986638396835,0.022083487283354932
S14,DCT,equal_byte,16,16,PPG,1119,1119,1119,2.60509688911125,1.8991847502858432,4.845122741389145,0.0,2.6083282083504216,1.8993048620172464,4.84918655589823,0.0,2.7720278183339206,1.8022533917659103,5.661371051291746
S14,DCT,equal_byte,16,16,ACCx,1119,1119,1119,4.222842507945752,2.9602796668371916,8.617756947166356,0.0,17.133303630526576,14.069972758908008,29.844140712633642,0.0,0.02031450613366741,0.01315592991760297,0.042017221302576034
S14,DCT,equal_byte,16,16,ACCy,1119,1119,1119,9.059392106044255,3.952726306731917,23.829948949639245,0.0,34.04089097707651,21.26991055698512,72.81180169967224,0.0,0.035929512300984005,0.022407964498925945,0.06738595511572347
S14,DCT,equal_byte,16,16,ACCz,1119,1119,1119,6.277396021349639,5.363952830748565,13.44095295037746,0.0,21.390791483117674,18.431810798819747,39.120524702189634,0.0,0.02348200378087672,0.014749766516886436,0.0473156856466826
S15,AE,equal_dim,16,16,PPG,992,992,992,8.436551368089296,6.110263257945224,13.20347263666429,0.0,8.449159536369452,6.118643694159371,13.20986232432863,0.0,3.2656504995886486,2.6676162441754565,6.247955535891131
S15,AE,equal_byte,16,16,PPG,992,992,992,8.436551368089296,6.110263257945224,13.20347263666429,0.0,8.449159536369452,6.118643694159371,13.20986232432863,0.0,3.2656504995886486,2.6676162441754565,6.247955535891131
S15,AE,equal_dim,16,16,ACCx,992,992,992,4.068772000719792,3.2021446704493863,7.837019679140604,0.0,68.63310897097608,20.040869043530236,107.88397709338827,0.0,0.02732825726527536,0.020407988974989612,0.05529467845421679
S15,AE,equal_byte,16,16,ACCx,992,992,992,4.068772000719792,3.2021446704493863,7.837019679140604,0.0,68.63310897097608,20.040869043530236,107.88397709338827,0.0,0.02732825726527536,0.020407988974989612,0.05529467845421679
S15,AE,equal_dim,16,16,ACCy,992,992,992,13.67739393497991,9.268586811066712,30.91472398274836,0.0,231.68712281811975,42.14505672507572,128.76916834185155,0.0,0.06010995870276852,0.04027099916903229,0.12219599452944081
S15,AE,equal_byte,16,16,ACCy,992,992,992,13.67739393497991,9.268586811066712,30.91472398274836,0.0,231.68712281811975,42.14505672507572,128.76916834185155,0.0,0.06010995870276852,0.04027099916903229,0.12219599452944081
S15,AE,equal_dim,16,16,ACCz,992,992,992,11.569523679770217,8.148172114263696,24.060555172417278,0.0,70.65228813950307,25.596358820934974,82.96667885587358,0.0,0.03625020951553992,0.02498898584693286,0.07461701142925212
S15,AE,equal_byte,16,16,ACCz,992,992,992,11.569523679770217,8.148172114263696,24.060555172417278,0.0,70.65228813950307,25.596358820934974,82.96667885587358,0.0,0.03625020951553992,0.02498898584693286,0.07461701142925212
S15,DCT,equal_dim,16,16,PPG,992,992,992,3.8744270829799974,2.637648980542931,8.074529688866155,0.0,3.8801562207540923,2.637720381020059,8.074746418769026,0.0,1.5830855640006163,1.235313311514691,3.550717018939784
S15,DCT,equal_dim,16,16,ACCx,992,992,992,1.4288312169905917,1.1441830029272873,3.0828137701651084,0.0,9.413463688470836,6.935909769095274,16.422027796151358,0.0,0.009604744593417758,0.00771672032228775,0.021524501847606986
S15,DCT,equal_dim,16,16,ACCy,992,992,992,5.288646893924472,3.4951398163708713,13.144181149856445,0.0,21.294468953234592,17.145902784190234,40.03546362101543,0.0,0.021297554613973223,0.016243440067752503,0.04757548529849641
S15,DCT,equal_dim,16,16,ACCz,992,992,992,3.7859629434731006,2.6477926315121256,8.447710322930831,0.0,10.006936826523345,8.40808626211578,17.654162454040787,0.0,0.011947712375245504,0.009444532793884696,0.02585113379403936
S15,DCT,equal_byte,16,16,PPG,992,992,992,6.912272507661016,4.871415741024418,14.44090506477104,0.0,6.922537289746112,4.894506069089291,14.441295522608034,0.0,2.842034983208662,2.321830208701276,6.276271323599351
S15,DCT,equal_byte,16,16,ACCx,992,992,992,3.0794792984413486,2.54925057695244,6.883748585943087,0.0,18.7400794166372,14.984863555816617,33.08887046860725,0.0,0.020745132210044655,0.016730349083738813,0.045628959044277134
S15,DCT,equal_byte,16,16,ACCy,992,992,992,9.100503093308628,6.022733618886482,22.885653561229965,0.0,34.931523411559304,29.402960359693267,66.39267578349542,0.0,0.03745245411764545,0.028919353226869966,0.08397933795868523
S15,DCT,equal_byte,16,16,ACCz,992,992,992,7.7866595946800885,5.732907347560024,17.160308971434524,0.0,19.892716034912215,17.481436782170086,33.418209793647875,0.0,0.02459241508947501,0.019171026141917548,0.05479563927905941
S13,AE,equal_dim,8,8,PPG,1142,1142,1142,11.124444998627046,10.538941941247575,16.25880308834873,0.0,11.131589076285795,10.541975755542385,16.27436758887351,0.0,9.460116175014127,8.034679845595043,16.595218279752228
S13,AE,equal_byte,8,8,PPG,1142,1142,1142,11.124444998627046,10.538941941247575,16.25880308834873,0.0,11.131589076285795,10.541975755542385,16.27436758887351,0.0,9.460116175014127,8.034679845595043,16.595218279752228
S13,AE,equal_dim,8,8,ACCx,1142,1142,1142,13.376169650728682,9.306570546652475,24.993656627659476,0.0,71.3241094302438,35.41258043278017,137.48813401553608,0.0,0.0673056863888774,0.04774388189378107,0.13078166063791707
S13,AE,equal_byte,8,8,ACCx,1142,1142,1142,13.376169650728682,9.306570546652475,24.993656627659476,0.0,71.3241094302438,35.41258043278017,137.48813401553608,0.0,0.0673056863888774,0.04774388189378107,0.13078166063791707
S13,AE,equal_dim,8,8,ACCy,1142,1142,1142,17.41063646407575,12.845383880193243,34.44669719771112,0.0,260.7148510107951,52.26558449493653,207.21125072626782,0.0,0.0766315958510551,0.05578316384086407,0.1498366985195852
S13,AE,equal_byte,8,8,ACCy,1142,1142,1142,17.41063646407575,12.845383880193243,34.44669719771112,0.0,260.7148510107951,52.26558449493653,207.21125072626782,0.0,0.0766315958510551,0.05578316384086407,0.1498366985195852
S13,AE,equal_dim,8,8,ACCz,1142,1142,1142,16.854560896695105,13.534074453411861,34.978135482232794,0.0,101.61216707667288,40.12033615719665,198.12004557213044,0.0,0.06911285098105871,0.049313593324562865,0.13990462857836836
S13,AE,equal_byte,8,8,ACCz,1142,1142,1142,16.854560896695105,13.534074453411861,34.978135482232794,0.0,101.61216707667288,40.12033615719665,198.12004557213044,0.0,0.06911285098105871,0.049313593324562865,0.13990462857836836
S13,DCT,equal_dim,8,8,PPG,1142,1142,1142,5.425744953332318,4.555168456579111,10.878013006846457,0.0,5.4292397561925325,4.558810792458676,10.89991565355665,0.0,4.692137806798413,3.8014077815893987,9.743476800488583
S13,DCT,equal_dim,8,8,ACCx,1142,1142,1142,7.119430035452501,5.71879590866809,14.004904022475529,0.0,24.63916872690163,20.7769590032555,43.327130906669346,0.0,0.03604310790769922,0.02967739516509471,0.07669756835411297
S13,DCT,equal_dim,8,8,ACCy,1142,1142,1142,12.006294359472804,7.800355391704018,26.36567702987548,0.0,43.62087480492655,35.71019223230087,84.74400529818011,0.0,0.0535733519807244,0.04256398542405826,0.10547975701375228
S13,DCT,equal_dim,8,8,ACCz,1142,1142,1142,9.89542599173012,8.406479037725134,20.425978330881353,0.0,28.298289365608614,25.021635123239665,49.79155280736643,0.0,0.040143328937472925,0.03173892817786915,0.08324779668187245
S13,DCT,equal_byte,8,8,PPG,1142,1142,1142,8.133278545511011,7.177093998461367,16.223759035135437,0.0,8.138592086380411,7.1777706928246,16.232814483303635,0.0,7.027569284305671,5.857453837801502,14.893239010381984
S13,DCT,equal_byte,8,8,ACCx,1142,1142,1142,10.363471657325237,8.393777618156172,20.648020189927532,0.0,35.65801637048817,30.66971954074495,62.92869664606125,0.0,0.052740560689523944,0.04387375880754524,0.1087924716127659
S13,DCT,equal_byte,8,8,ACCy,1142,1142,1142,14.850120749062706,10.24080331228835,31.96412943952497,0.0,52.12041881602169,45.53895202547609,95.89460918650218,0.0,0.06863814789612939,0.05609456855780709,0.1385759365860769
S13,DCT,equal_byte,8,8,ACCz,1142,1142,1142,13.893223219413345,12.106051787690735,28.673242784433256,0.0,38.7890739434489,35.36740923421572,70.24665302756496,0.0,0.05614412981435387,0.04512731446597724,0.1175572585483827
S14,AE,equal_dim,8,8,PPG,1119,1119,1119,8.868129899342678,7.889388949411888,14.423043276680641,0.0,8.878712359687395,7.915603461102681,14.440840900795994,0.0,8.79563037240367,7.9045805297905725,15.903064213205383
S14,AE,equal_byte,8,8,PPG,1119,1119,1119,8.868129899342678,7.889388949411888,14.423043276680641,0.0,8.878712359687395,7.915603461102681,14.440840900795994,0.0,8.79563037240367,7.9045805297905725,15.903064213205383
S14,AE,equal_dim,8,8,ACCx,1119,1119,1119,11.700922517978693,7.384621849518578,22.995194726957013,0.0,81.0512175875087,35.585346931895224,111.6890526224831,0.0,0.057828391789649554,0.03224952387264649,0.11130974633035633
S14,AE,equal_byte,8,8,ACCx,1119,1119,1119,11.700922517978693,7.384621849518578,22.995194726957013,0.0,81.0512175875087,35.585346931895224,111.6890526224831,0.0,0.057828391789649554,0.03224952387264649,0.11130974633035633
S14,AE,equal_dim,8,8,ACCy,1119,1119,1119,20.59048294322829,10.136412414267621,49.95094571832292,0.0,1683.019620381813,51.55197810696654,183.69808250671744,0.0,0.07297805098884931,0.052407438607149276,0.14156011413645048
S14,AE,equal_byte,8,8,ACCy,1119,1119,1119,20.59048294322829,10.136412414267621,49.95094571832292,0.0,1683.019620381813,51.55197810696654,183.69808250671744,0.0,0.07297805098884931,0.052407438607149276,0.14156011413645048
S14,AE,equal_dim,8,8,ACCz,1119,1119,1119,15.350949145650858,12.427857192411611,31.99010829913425,0.0,98.19246879003907,44.122836186280374,172.98368355543874,0.0,0.05866353756483025,0.03595428221176884,0.10968706806506746
S14,AE,equal_byte,8,8,ACCz,1119,1119,1119,15.350949145650858,12.427857192411611,31.99010829913425,0.0,98.19246879003907,44.122836186280374,172.98368355543874,0.0,0.05866353756483025,0.03595428221176884,0.10968706806506746
S14,DCT,equal_dim,8,8,PPG,1119,1119,1119,3.6707623090138135,2.7229914403015814,7.04931562744299,0.0,3.6752871934189177,2.729646209930944,7.065260944601401,0.0,3.84957655459961,2.6348000808241965,8.086955117864136
S14,DCT,equal_dim,8,8,ACCx,1119,1119,1119,6.052477904912731,4.397884320895831,12.621177632091763,0.0,24.255483421224124,20.690742023881807,40.903905513047995,0.0,0.029294375908181722,0.01908317392529135,0.06214159053368929
S14,DCT,equal_dim,8,8,ACCy,1119,1119,1119,11.041138889591055,5.214183841784405,29.06471524824683,0.0,40.9877575498519,27.32307038710441,86.37907415606257,0.0,0.04546812399070848,0.030505734520583295,0.08539443073957384
S14,DCT,equal_dim,8,8,ACCz,1119,1119,1119,8.79295263179421,7.680230618663661,18.87193344880756,0.0,29.25784774509432,25.75716989200525,52.90667895492259,0.0,0.032663884015687934,0.020892802855889226,0.0693803507108078
S14,DCT,equal_byte,8,8,PPG,1119,1119,1119,5.654976316833134,4.382490632580673,11.307653255866605,0.0,5.66188853253444,4.389984857368877,11.311826654491785,0.0,5.79769939556951,4.237069472564783,12.659266336264144
S14,DCT,equal_byte,8,8,ACCx,1119,1119,1119,8.951453176696772,6.928614874443293,18.571268162516347,0.0,35.35130174916923,31.636745390331328,59.73471246826242,0.0,0.043428957323101765,0.029138793106401332,0.09453474494742466
S14,DCT,equal_byte,8,8,ACCy,1119,1119,1119,13.497818835821274,7.007008002841415,33.994469755610105,0.0,49.6726981858212,37.28190660638791,96.30686425257024,0.0,0.0585524973317872,0.04376071298909985,0.11376633292119694
S14,DCT,equal_byte,8,8,ACCz,1119,1119,1119,12.592044259913552,10.911820063028225,26.977275775825042,0.0,40.57491900409192,37.526980409750735,70.00082911255858,0.0,0.04585809582186586,0.030158826239606373,0.09664721854894982
S15,AE,equal_dim,8,8,PPG,992,992,992,12.442041051948287,10.096098876052299,20.89565712122946,0.0,12.460005576217112,10.105264056445517,20.89824396586054,0.0,5.060802107742199,4.520829915092532,9.329957939969653
S15,AE,equal_byte,8,8,PPG,992,992,992,12.442041051948287,10.096098876052299,20.89565712122946,0.0,12.460005576217112,10.105264056445517,20.89824396586054,0.0,5.060802107742199,4.520829915092532,9.329957939969653
S15,AE,equal_dim,8,8,ACCx,992,992,992,9.585098080365956,6.8777466107573675,19.693993151179647,0.0,92.22887796092228,44.31744615055217,127.70224589580332,0.0,0.06520707878234891,0.0456844068085727,0.1387036292864258
S15,AE,equal_byte,8,8,ACCx,992,992,992,9.585098080365956,6.8777466107573675,19.693993151179647,0.0,92.22887796092228,44.31744615055217,127.70224589580332,0.0,0.06520707878234891,0.0456844068085727,0.1387036292864258
S15,AE,equal_dim,8,8,ACCy,992,992,992,17.40191302792865,11.881018315040533,40.188564331027614,0.0,335.6127512839265,55.57468757556292,165.88106042067497,0.0,0.07530826422550217,0.049958506336741454,0.15677220122151514
S15,AE,equal_byte,8,8,ACCy,992,992,992,17.40191302792865,11.881018315040533,40.188564331027614,0.0,335.6127512839265,55.57468757556292,165.88106042067497,0.0,0.07530826422550217,0.049958506336741454,0.15677220122151514
S15,AE,equal_dim,8,8,ACCz,992,992,992,19.98404313254915,13.953358572157683,43.204326878128,0.0,92.62202386659494,46.11388831934,106.0748892162064,0.0,0.06002355094187479,0.045975400219348705,0.1332508828393987
S15,AE,equal_byte,8,8,ACCz,992,992,992,19.98404313254915,13.953358572157683,43.204326878128,0.0,92.62202386659494,46.11388831934,106.0748892162064,0.0,0.06002355094187479,0.045975400219348705,0.1332508828393987
S15,DCT,equal_dim,8,8,PPG,992,992,992,9.206756030256203,6.666174495656945,19.455828834176074,0.0,9.220164733715114,6.6749703163981415,19.471034549151437,0.0,3.8098173735146004,3.1762004404746893,8.714382422124046
S15,DCT,equal_dim,8,8,ACCx,992,992,992,4.4458277464879155,3.737233131388417,9.661611358486159,0.0,26.064856386572256,21.570628295078063,45.84427874908015,0.0,0.029980259003124704,0.02428017983620589,0.06774644431523122
S15,DCT,equal_dim,8,8,ACCy,992,992,992,11.469952337572547,7.590872691848329,28.620409049631746,0.0,42.84732890613375,37.330638427724246,80.31020818486243,0.0,0.047918962140317,0.03694915629419661,0.10690372679829742
S15,DCT,equal_dim,8,8,ACCz,992,992,992,10.807942848136744,8.214245732750022,23.66123598167521,0.0,27.394020862092066,24.484365254598597,44.811367885085055,0.0,0.03395030997583084,0.026924654725061635,0.0750164039694618
S15,DCT,equal_byte,8,8,PPG,992,992,992,12.983877440771805,9.847816292867343,27.90870608275001,0.0,13.002622690043914,9.859866163286775,28.058673923925124,0.0,5.4043646931970395,4.66296510163113,11.878266691132943
S15,DCT,equal_byte,8,8,ACCx,992,992,992,6.5102973907235775,5.563407963143906,14.320173586352418,0.0,36.57270829908617,31.693986148250666,63.655873755128084,0.0,0.04395467946161306,0.03567018434118968,0.09860998936125352
S15,DCT,equal_byte,8,8,ACCy,992,992,992,14.42856105624154,9.769991733106746,35.562217104398954,0.0,51.80633206573178,47.65864213853499,92.314877215283,0.0,0.06128749047858911,0.04887704293104192,0.13515072091304522
S15,DCT,equal_byte,8,8,ACCz,992,992,992,15.116442505260059,11.43448005295322,33.206885839117696,0.0,37.80332722668965,35.070009102050065,61.81240790350874,0.0,0.04711521938880236,0.038025757052870465,0.10323028675236548
S13,AE,equal_dim,4,4,PPG,1142,1142,1142,17.97869825237403,16.691974349763385,27.788178174601512,0.0,17.99008085610141,16.702588875705153,27.800201284351512,0.0,15.38272678284551,12.47550239484967,28.79285657672832
S13,AE,equal_byte,4,4,PPG,1142,1142,1142,17.97869825237403,16.691974349763385,27.788178174601512,0.0,17.99008085610141,16.702588875705153,27.800201284351512,0.0,15.38272678284551,12.47550239484967,28.79285657672832
S13,AE,equal_dim,4,4,ACCx,1142,1142,1142,20.156449858708292,14.594312641959892,42.04767043266913,0.0,109.74176410471478,61.7600225888123,195.7028351610694,0.0,0.1017221014178826,0.08183010264687038,0.20000447806819222
S13,AE,equal_byte,4,4,ACCx,1142,1142,1142,20.156449858708292,14.594312641959892,42.04767043266913,0.0,109.74176410471478,61.7600225888123,195.7028351610694,0.0,0.1017221014178826,0.08183010264687038,0.20000447806819222
S13,AE,equal_dim,4,4,ACCy,1142,1142,1142,27.99505975695975,20.519436506902032,51.343731059677694,0.0,661.8776123974925,76.09222524932906,418.0269902035924,0.0,0.11050122217326111,0.08587533038471548,0.22504415298001643
S13,AE,equal_byte,4,4,ACCy,1142,1142,1142,27.99505975695975,20.519436506902032,51.343731059677694,0.0,661.8776123974925,76.09222524932906,418.0269902035924,0.0,0.11050122217326111,0.08587533038471548,0.22504415298001643
S13,AE,equal_dim,4,4,ACCz,1142,1142,1142,24.320076237272747,19.380402823882843,49.232429337170245,0.0,137.08213363641266,60.965248567032305,247.31075116656282,0.0,0.09726864796532617,0.07623439766509515,0.20859546347885052
S13,AE,equal_byte,4,4,ACCz,1142,1142,1142,24.320076237272747,19.380402823882843,49.232429337170245,0.0,137.08213363641266,60.965248567032305,247.31075116656282,0.0,0.09726864796532617,0.07623439766509515,0.20859546347885052
S13,DCT,equal_dim,4,4,PPG,1142,1142,1142,10.581511767498139,9.68814448593123,20.974700903570287,0.0,10.588485703802478,9.696411463588671,20.975487638242356,0.0,9.127552051599906,7.965907868730994,19.66467944582757
S13,DCT,equal_dim,4,4,ACCx,1142,1142,1142,12.660840219401374,10.529820240196479,25.214949795759757,0.0,43.40121036284538,38.16050824526606,78.13569919331387,0.0,0.06467345902555623,0.0544440255538786,0.13289510569111065
S13,DCT,equal_dim,4,4,ACCy,1142,1142,1142,16.69742108594109,11.865413239301539,34.710174085070676,0.0,57.51593397411811,52.925420174161644,100.00000000000043,0.0,0.07876200655043136,0.0650796827777664,0.16197825599367185
S13,DCT,equal_dim,4,4,ACCz,1142,1142,1142,16.653480573824044,14.4133841309723,33.86618594741872,0.0,45.726600924553296,42.611799978823555,83.83990954788759,0.0,0.06702261549857028,0.055403705169677034,0.14120505193492738
S13,DCT,equal_byte,4,4,PPG,1142,1142,1142,15.290344905792816,14.55177767969213,28.036077461498838,0.0,15.300649130399794,14.56474814953327,28.075277476274874,0.0,13.134117807948325,11.59540466354578,26.610279703527407
S13,DCT,equal_byte,4,4,ACCx,1142,1142,1142,16.109740812556915,13.409927268178823,32.326671259635944,0.0,54.2946354065173,49.64285887042372,100.00000000000256,0.0,0.08256926532204881,0.07084772518669483,0.16908926505763108
S13,DCT,equal_byte,4,4,ACCy,1142,1142,1142,19.46397672127573,14.498289584725342,39.916637777451484,0.0,105.51496109781732,64.08720898398845,100.00000000003455,0.0,0.09304498777866017,0.07805927080538087,0.1952545046875911
S13,DCT,equal_byte,4,4,ACCz,1142,1142,1142,20.49958843233677,17.966478349111686,41.485887949064555,0.0,54.5614558898628,51.85310852143377,100.00000000000378,0.0,0.08212625535355511,0.0684740921210297,0.17774942416923184
S14,AE,equal_dim,4,4,PPG,1119,1119,1119,14.716710079616055,12.84780237831987,25.155991167825018,0.0,14.733882732364062,12.850918727288182,25.16027896774502,0.0,14.535117475943842,12.536293502877006,27.569019499579632
S14,AE,equal_byte,4,4,PPG,1119,1119,1119,14.716710079616055,12.84780237831987,25.155991167825018,0.0,14.733882732364062,12.850918727288182,25.16027896774502,0.0,14.535117475943842,12.536293502877006,27.569019499579632
S14,AE,equal_dim,4,4,ACCx,1119,1119,1119,16.63492339637954,11.90941720477584,32.88793810996088,0.0,107.41542455656987,58.426447271274505,146.17401800370703,0.0,0.0804083091789567,0.054857186291425546,0.1611695280281725
S14,AE,equal_byte,4,4,ACCx,1119,1119,1119,16.63492339637954,11.90941720477584,32.88793810996088,0.0,107.41542455656987,58.426447271274505,146.17401800370703,0.0,0.0804083091789567,0.054857186291425546,0.1611695280281725
S14,AE,equal_dim,4,4,ACCy,1119,1119,1119,31.081429798128603,16.021283227881245,61.94623031760687,0.0,2768.6864703678802,78.35092458322113,322.0588811146448,0.0,0.10355678365020635,0.08152832181685825,0.21150113883211374
S14,AE,equal_byte,4,4,ACCy,1119,1119,1119,31.081429798128603,16.021283227881245,61.94623031760687,0.0,2768.6864703678802,78.35092458322113,322.0588811146448,0.0,0.10355678365020635,0.08152832181685825,0.21150113883211374
S14,AE,equal_dim,4,4,ACCz,1119,1119,1119,21.76208392755999,18.576888805641413,45.14134307087634,0.0,118.94798803804055,63.63082559724056,195.82257937613713,0.0,0.07784331760643257,0.0492111127974107,0.16206919338963974
S14,AE,equal_byte,4,4,ACCz,1119,1119,1119,21.76208392755999,18.576888805641413,45.14134307087634,0.0,118.94798803804055,63.63082559724056,195.82257937613713,0.0,0.07784331760643257,0.0492111127974107,0.16206919338963974
S14,DCT,equal_dim,4,4,PPG,1119,1119,1119,7.403381633110294,6.057827117762338,14.736002956927214,0.0,7.412482882704343,6.094284238900928,14.750670836841278,0.0,7.495081250744585,5.7552662998009465,15.766233303820359
S14,DCT,equal_dim,4,4,ACCx,1119,1119,1119,11.084381159353285,8.831744052962458,22.843460028451833,0.0,43.50755514750004,39.63506091125052,73.43372064451681,0.0,0.05369827812830227,0.03727863639656586,0.12113568040859625
S14,DCT,equal_dim,4,4,ACCy,1119,1119,1119,15.184972256546482,8.360506665465532,37.425725101917955,0.0,55.59834409524264,45.52590776039301,100.00000000000043,0.0,0.06769839341190267,0.05317901446616412,0.13452431185694064
S14,DCT,equal_dim,4,4,ACCz,1119,1119,1119,15.276535688143769,13.160952631610051,33.09253434908205,0.0,48.203258263467625,45.614282237330514,82.47667262248318,0.0,0.0549693772258523,0.03670706936243798,0.11600401885329642
S14,DCT,equal_byte,4,4,PPG,1119,1119,1119,10.946890818325578,9.30073758873748,20.61165227516209,0.0,10.960310479865228,9.340765531585275,20.629285948283187,0.0,10.99822503571056,8.929029509809977,22.405527320619502
S14,DCT,equal_byte,4,4,ACCx,1119,1119,1119,14.209554247085066,11.363829546708153,28.99697543825879,0.0,55.258386907821055,51.68381879253724,92.81868066972325,0.0,0.0688003864830423,0.05001807470929562,0.1525091759854132
S14,DCT,equal_byte,4,4,ACCy,1119,1119,1119,17.617162784143446,10.607275059253752,41.277186072775436,0.0,63.654863324869225,59.137461994831376,100.00000000000998,0.0,0.08090818822854025,0.06731129871554759,0.16705718591282218
S14,DCT,equal_byte,4,4,ACCz,1119,1119,1119,19.282860035746886,16.725093350717184,41.293558680774616,0.0,58.540852674449205,57.453793240064364,100.0000000000174,0.0,0.0678722192185263,0.04648682759521384,0.14795571950095754
S15,AE,equal_dim,4,4,PPG,992,992,992,19.092206559356118,16.946535323547216,31.09828756168172,0.0,19.119175958692008,16.98414503700085,31.138841339939777,0.0,7.7159597372624615,6.830967053979957,13.693552888092835
S15,AE,equal_byte,4,4,PPG,992,992,992,19.092206559356118,16.946535323547216,31.09828756168172,0.0,19.119175958692008,16.98414503700085,31.138841339939777,0.0,7.7159597372624615,6.830967053979957,13.693552888092835
S15,AE,equal_dim,4,4,ACCx,992,992,992,14.85872083094693,10.121107285304834,34.08195145431986,0.0,160.51312666434794,71.89176030764054,209.19046332436173,0.0,0.09910964778954365,0.06924436116539465,0.20642340284074956
S15,AE,equal_byte,4,4,ACCx,992,992,992,14.85872083094693,10.121107285304834,34.08195145431986,0.0,160.51312666434794,71.89176030764054,209.19046332436173,0.0,0.09910964778954365,0.06924436116539465,0.20642340284074956
S15,AE,equal_dim,4,4,ACCy,992,992,992,25.621273301311145,18.743075215721596,56.00178614104278,0.0,566.4698545882935,83.41683659690287,275.6354539241927,0.0,0.10747557576608197,0.07513786336120423,0.22776300450057627
S15,AE,equal_byte,4,4,ACCy,992,992,992,25.621273301311145,18.743075215721596,56.00178614104278,0.0,566.4698545882935,83.41683659690287,275.6354539241927,0.0,0.10747557576608197,0.07513786336120423,0.22776300450057627
S15,AE,equal_dim,4,4,ACCz,992,992,992,28.837678841840884,20.80747975280583,60.64010696685157,0.0,190.00779042495859,67.4299580566279,159.26326095039335,0.0,0.0854141249083216,0.06706279309481877,0.19462871728050152
S15,AE,equal_byte,4,4,ACCz,992,992,992,28.837678841840884,20.80747975280583,60.64010696685157,0.0,190.00779042495859,67.4299580566279,159.26326095039335,0.0,0.0854141249083216,0.06706279309481877,0.19462871728050152
S15,DCT,equal_dim,4,4,PPG,992,992,992,15.91119390174801,12.376990782322627,33.2516113259954,0.0,15.93417553301332,12.378778278986527,33.31418641212928,0.0,6.672086479305962,5.822191810718708,14.408250696072278
S15,DCT,equal_dim,4,4,ACCx,992,992,992,7.979088690520068,6.80070875108987,17.81638948851471,0.0,44.052256273163344,38.834121968688024,76.57944140301056,0.0,0.053827139659947065,0.044355084402262046,0.11916191656271477
S15,DCT,equal_dim,4,4,ACCy,992,992,992,16.366323758466127,11.299033745221033,41.14663491813633,0.0,57.151336064613254,54.041922073657105,97.67402362447287,0.0,0.07020767365388626,0.05680372186796953,0.1525361869933497
S15,DCT,equal_dim,4,4,ACCz,992,992,992,18.02081637903005,13.697454177796198,39.78558469220944,0.0,44.68242515096878,42.3041987909695,72.00660420634439,0.0,0.05579702651003558,0.04585488643244677,0.12375746897752374
S15,DCT,equal_byte,4,4,PPG,992,992,992,20.88543488484175,16.925676112456678,42.437818320541695,0.0,20.915521812929764,17.015770783478594,42.47236348909177,0.0,8.889726563607539,7.836286910382579,18.87114993403602
S15,DCT,equal_byte,4,4,ACCx,992,992,992,10.100740788434655,8.719660957405573,22.120171468018935,0.0,54.37921053282019,49.20445027047744,92.06224853469307,0.0,0.06805664899167904,0.05726523375803329,0.15179703981675205
S15,DCT,equal_byte,4,4,ACCy,992,992,992,19.032192339986736,13.199899172994423,46.59763915747273,0.0,64.06671390444009,64.57443552226422,100.0000000000069,0.0,0.08238966965254868,0.06603892151934479,0.1823119386502261
S15,DCT,equal_byte,4,4,ACCz,992,992,992,21.92857537316732,16.78291290046956,48.83393735303172,0.0,53.949798903332386,51.80868916592905,85.96090362618304,0.0,0.06734961922314268,0.05486928574874839,0.15090027162794997
S13,AE,equal_dim,2,2,PPG,1142,1142,1142,37.5776036391809,37.3838992997518,51.14509288522282,0.0,37.602748087348566,37.396267037927316,51.14670357875606,0.0,31.781137582667437,29.329410181851422,52.61193818392574
S13,AE,equal_byte,2,2,PPG,1142,1142,1142,37.5776036391809,37.3838992997518,51.14509288522282,0.0,37.602748087348566,37.396267037927316,51.14670357875606,0.0,31.781137582667437,29.329410181851422,52.61193818392574
S13,AE,equal_dim,2,2,ACCx,1142,1142,1142,26.405040588494817,21.28388491750735,51.113268273052554,0.0,175.90393795788722,83.61139557120487,355.0519046476786,0.0,0.1349719781213821,0.11493178968420234,0.2723509200437079
S13,AE,equal_byte,2,2,ACCx,1142,1142,1142,26.405040588494817,21.28388491750735,51.113268273052554,0.0,175.90393795788722,83.61139557120487,355.0519046476786,0.0,0.1349719781213821,0.11493178968420234,0.2723509200437079
S13,AE,equal_dim,2,2,ACCy,1142,1142,1142,45.40053276504344,30.552971682405936,95.32285445134761,0.0,1083.6402935809604,100.83035725555877,940.2987193718049,0.0,0.15438109793556368,0.1304796135837982,0.27954591617374636
S13,AE,equal_byte,2,2,ACCy,1142,1142,1142,45.40053276504344,30.552971682405936,95.32285445134761,0.0,1083.6402935809604,100.83035725555877,940.2987193718049,0.0,0.15438109793556368,0.1304796135837982,0.27954591617374636
S13,AE,equal_dim,2,2,ACCz,1142,1142,1142,33.15417443643143,27.629551282534194,64.61389143441404,0.0,226.59682863491406,84.18356413789922,465.90420812997377,0.0,0.12691365700495863,0.10792412370602063,0.2562735179591293
S13,AE,equal_byte,2,2,ACCz,1142,1142,1142,33.15417443643143,27.629551282534194,64.61389143441404,0.0,226.59682863491406,84.18356413789922,465.90420812997377,0.0,0.12691365700495863,0.10792412370602063,0.2562735179591293
S13,DCT,equal_dim,2,2,PPG,1142,1142,1142,19.656235011197538,19.223296533657432,33.2256944523491,0.0,19.669566094066933,19.22800809619733,33.24890422492125,0.0,16.80374184891525,15.108177186847024,31.899379589717032
S13,DCT,equal_dim,2,2,ACCx,1142,1142,1142,18.419202024236657,15.615515581677915,36.48326551419069,0.0,60.56652677869524,57.11459696686113,100.0000000000508,0.0,0.09461743089817469,0.08294285175021465,0.19344345298504756
S13,DCT,equal_dim,2,2,ACCy,1142,1142,1142,21.368508317984016,16.584994552807753,43.22772126651695,0.0,120.42397820302048,72.08084073701787,100.00000000015565,0.0,0.10275514747715345,0.0864602495871035,0.2160565114656021
S13,DCT,equal_dim,2,2,ACCz,1142,1142,1142,23.1723448020479,20.258024471433693,46.611397821299846,0.0,59.86937185992745,58.644451162107885,100.00000000003524,0.0,0.0924300100461395,0.07738159383003214,0.20229912587971097
S13,DCT,equal_byte,2,2,PPG,1142,1142,1142,27.809847818610223,27.832449069021344,42.75616513690724,0.0,27.82889130376293,27.857142436274636,42.79852227889838,0.0,23.653900651033968,21.933732250697215,41.81028563886783
S13,DCT,equal_byte,2,2,ACCx,1142,1142,1142,21.61666418885389,18.884468109712188,43.554401426787635,0.0,68.93884535512117,68.45621271419782,100.00000000008636,0.0,0.11153082684802139,0.10011964598695239,0.22935822058797353
S13,DCT,equal_byte,2,2,ACCy,1142,1142,1142,24.486244798163664,20.027855736653517,48.93500404046342,0.0,131.55570716593633,82.61900892215274,100.00000005111393,0.0,0.1165390276272129,0.10037377076653506,0.2426761340318765
S13,DCT,equal_byte,2,2,ACCz,1142,1142,1142,26.969621404812806,23.926665641493777,54.61435636053073,0.0,66.88726580413982,68.04463345125083,100.00000000005035,0.0,0.10698235318112324,0.09172176305579022,0.23428067477154615
S14,AE,equal_dim,2,2,PPG,1119,1119,1119,35.7051876493698,35.62433766263035,51.38035765610599,0.0,35.75577421536158,35.63499416125602,51.43069438011238,0.0,36.40810389960336,34.50365487212125,63.03268736060064
S14,AE,equal_byte,2,2,PPG,1119,1119,1119,35.7051876493698,35.62433766263035,51.38035765610599,0.0,35.75577421536158,35.63499416125602,51.43069438011238,0.0,36.40810389960336,34.50365487212125,63.03268736060064
S14,AE,equal_dim,2,2,ACCx,1119,1119,1119,23.388415244823715,19.631992529853186,44.58206733691621,0.0,211.13846533712345,86.8356430082658,300.9083776892162,0.0,0.11613125356635291,0.08868624622685277,0.23098176477958035
S14,AE,equal_byte,2,2,ACCx,1119,1119,1119,23.388415244823715,19.631992529853186,44.58206733691621,0.0,211.13846533712345,86.8356430082658,300.9083776892162,0.0,0.11613125356635291,0.08868624622685277,0.23098176477958035
S14,AE,equal_dim,2,2,ACCy,1119,1119,1119,68.65900918700466,29.63374408987965,137.79191113149832,0.0,6996.798248374908,108.16403687540964,763.0657918050215,0.0,0.15984546888576595,0.15653624969207647,0.28730200763839553
S14,AE,equal_byte,2,2,ACCy,1119,1119,1119,68.65900918700466,29.63374408987965,137.79191113149832,0.0,6996.798248374908,108.16403687540964,763.0657918050215,0.0,0.15984546888576595,0.15653624969207647,0.28730200763839553
S14,AE,equal_dim,2,2,ACCz,1119,1119,1119,35.65590521419418,34.12485481489736,69.97860133950776,0.0,192.88605103619363,101.36432022812072,326.53805378020377,0.0,0.11712769269802181,0.0932968654873748,0.23629491835503308
S14,AE,equal_byte,2,2,ACCz,1119,1119,1119,35.65590521419418,34.12485481489736,69.97860133950776,0.0,192.88605103619363,101.36432022812072,326.53805378020377,0.0,0.11712769269802181,0.0932968654873748,0.23629491835503308
S14,DCT,equal_dim,2,2,PPG,1119,1119,1119,14.434380407986108,12.756462082124825,25.404762516126123,0.0,14.45235458395735,12.775380328860741,25.452727809903447,0.0,14.479707368366343,12.517420336932178,27.80492568682858
S14,DCT,equal_dim,2,2,ACCx,1119,1119,1119,16.29872767765291,13.184959216885153,32.91047203786432,0.0,62.41356886891302,59.34355608731392,100.00000000000455,0.0,0.07901484155680732,0.059011940299975967,0.17272975990909636
S14,DCT,equal_dim,2,2,ACCy,1119,1119,1119,19.441681794122864,12.110120515457272,45.05911869623791,0.0,69.37738639279485,67.85486668186012,100.00000000002704,0.0,0.09050019928049108,0.07779077250043229,0.1888243132798793
S14,DCT,equal_dim,2,2,ACCz,1119,1119,1119,22.168575102235653,19.74444549579432,46.638908758189814,0.0,64.76871136481486,65.79627603619761,100.00000000021603,0.0,0.07681627268314402,0.05386473875455142,0.1710572171790656
S14,DCT,equal_byte,2,2,PPG,1119,1119,1119,21.516415227135536,20.038241038290607,33.68323398768828,0.0,21.544026822126995,20.069747755204016,33.79637990487469,0.0,21.672532211580524,19.618664006826197,40.18321159726758
S14,DCT,equal_byte,2,2,ACCx,1119,1119,1119,19.14044300211237,15.982072552417026,38.654890334441426,0.0,73.01363318460069,70.8000976784965,100.00000000006888,0.0,0.09322630914037677,0.0715471060670949,0.19598558652815803
S14,DCT,equal_byte,2,2,ACCy,1119,1119,1119,22.535888109764112,14.647354266808085,50.693479656337395,0.0,77.6336417338046,84.94050304405512,100.00000000004728,0.0,0.10510035597806153,0.09220901940568502,0.22210566102196314
S14,DCT,equal_byte,2,2,ACCz,1119,1119,1119,26.418066950829886,24.142315618932617,54.76664926192025,0.0,73.38935947996241,77.66024924581347,100.00000000034922,0.0,0.09017151168990273,0.06593528144941237,0.19595713190010017
S15,AE,equal_dim,2,2,PPG,992,992,992,44.33664863914614,41.12225317985134,62.35653632283943,0.0,44.409706677066104,41.25726456919243,62.50329171889723,0.0,18.801440117824214,17.666799391670498,31.961313545519037
S15,AE,equal_byte,2,2,PPG,992,992,992,44.33664863914614,41.12225317985134,62.35653632283943,0.0,44.409706677066104,41.25726456919243,62.50329171889723,0.0,18.801440117824214,17.666799391670498,31.961313545519037
S15,AE,equal_dim,2,2,ACCx,992,992,992,19.10933167017983,14.520796524249608,41.238302007663435,0.0,199.40025747334505,91.09613031590897,262.3813539735237,0.0,0.12998357204991637,0.09333031992194743,0.31552295913275724
S15,AE,equal_byte,2,2,ACCx,992,992,992,19.10933167017983,14.520796524249608,41.238302007663435,0.0,199.40025747334505,91.09613031590897,262.3813539735237,0.0,0.12998357204991637,0.09333031992194743,0.31552295913275724
S15,AE,equal_dim,2,2,ACCy,992,992,992,37.728653238256854,30.754768547331878,73.43567972212621,0.0,1002.2568447594449,99.88270661677632,544.7046858667785,0.0,0.1450286159361116,0.10823050196387465,0.3117366901281477
S15,AE,equal_byte,2,2,ACCy,992,992,992,37.728653238256854,30.754768547331878,73.43567972212621,0.0,1002.2568447594449,99.88270661677632,544.7046858667785,0.0,0.1450286159361116,0.10823050196387465,0.3117366901281477
S15,AE,equal_dim,2,2,ACCz,992,992,992,35.82724901492474,27.193853180633813,76.18292354188172,0.0,206.8333492776037,85.6335971019603,214.26350953518323,0.0,0.10366817327914156,0.08556116946504175,0.22180550598443347
S15,AE,equal_byte,2,2,ACCz,992,992,992,35.82724901492474,27.193853180633813,76.18292354188172,0.0,206.8333492776037,85.6335971019603,214.26350953518323,0.0,0.10366817327914156,0.08556116946504175,0.22180550598443347
S15,DCT,equal_dim,2,2,PPG,992,992,992,25.102755432407278,21.35521182221725,48.671041263684295,0.0,25.139053651153795,21.413304757899873,48.728305542584174,0.0,10.75713368975398,9.695287490546589,21.919513500628625
S15,DCT,equal_dim,2,2,ACCx,992,992,992,11.526776032726927,10.048007639760076,24.984463213771594,0.0,60.57757787759268,56.15674106948292,100.0,0.0,0.07757587930766839,0.06522228932593022,0.16963386847046627
S15,DCT,equal_dim,2,2,ACCy,992,992,992,20.72118406036587,14.499801904235596,50.58094431539996,0.0,68.57204495389088,69.9171514598946,100.00000000003364,0.0,0.0900448282587636,0.07289197193804034,0.19788747940104745
S15,DCT,equal_dim,2,2,ACCz,992,992,992,24.51138190204954,18.715962690769054,54.75304606687386,0.0,59.70741856358587,58.4036554793249,93.74592178204368,0.0,0.07508979719317642,0.061536663521290044,0.1695675487496113
S15,DCT,equal_byte,2,2,PPG,992,992,992,32.95595321526319,29.49283843333307,59.497013270408125,0.0,33.00437572558057,29.527578942719973,59.614328497702935,0.0,14.19366772346662,13.042033323220263,27.327520964570393
S15,DCT,equal_byte,2,2,ACCx,992,992,992,13.53673896019063,11.95718138315397,29.21045969522348,0.0,68.18321703149793,66.04362039418712,100.00000000010961,0.0,0.09090085322047343,0.07641528684947096,0.1982993376562255
S15,DCT,equal_byte,2,2,ACCy,992,992,992,23.01828309759859,16.3045266832992,54.358874240914936,0.0,74.47854896441677,79.33386054010298,100.00000000007789,0.0,0.10050125193078126,0.08068559497509577,0.22682588636722678
S15,DCT,equal_byte,2,2,ACCz,992,992,992,27.89438855168396,21.987303309115212,62.31222053056642,0.0,66.92373285590338,67.11009642589457,100.0000000000038,0.0,0.0855746805684458,0.07182062879701492,0.1908589192768375
